Date Planted,Plant ID,Soil ID,Soil,Species ID,Measure Date,Survival (Yes=1),Leaf Count,Height,Height of First Petiole,Length of biggest leaf,Introduction.Field,Present in plot,Plot ID,Row,Number of plant in row,Plot Measure Date,L.c,H,H.Petiole,LBL
1/26/2017,1,22C,C,QUAL,3/24/2017,0,0,0,0,0,4/19/2017,0,0,0,0,0,0,0,0,0
1/26/2017,2,22C,C,QUAL,3/24/2017,0,0,0,0,0,4/19/2017,0,0,0,0,0,0,0,0,0
1/26/2017,3,41C,C,QUAL,3/24/2017,1,4,8.1,7.6,7.9,4/19/2017,1,C1,1,9,05/07/2017,4,8.1,7.6,9.4
1/26/2017,4,22C,C,QUAL,3/24/2017,0,0,0,0,0,4/19/2017,0,0,0,0,0,0,0,0,0
1/26/2017,5,23C,C,QUAL,3/24/2017,1,4,12.6,12.3,5,4/19/2017,1,C1,3,1,05/07/2017,4,12.4,11.9,13.3
1/26/2017,6,31T,T,QUAL,3/24/2017,0,0,0,0,0,4/19/2017,0,0,0,0,0,0,0,0,0
1/26/2017,7,33C,C,QUAL,3/24/2017,1,4,9.4,9,4.8,4/19/2017,1,C1,3,8,05/07/2017,4,8.6,8.2,10
1/26/2017,8,32CIR,C,QUAL,3/24/2017,0,0,0,0,0,4/19/2017,0,0,0,0,0,0,0,0,0
1/26/2017,9,11T,T,QUAL,3/24/2017,0,0,0,0,0,4/19/2017,0,0,0,0,0,0,0,0,0
1/26/2017,10,33T,T,QUAL,3/24/2017,1,4,4.2,3.9,4,4/19/2017,1,C1,9,1,05/07/2017,3,5.2,5,5.9
1/26/2017,11,41C,C,QUAL,3/24/2017,0,0,0,0,0,4/19/2017,0,0,0,0,0,0,0,0,0
1/26/2017,12,31T,T,QUAL,3/24/2017,0,0,0,0,0,4/19/2017,0,0,0,0,0,0,0,0,0
1/26/2017,13,32CIR,C,QUAL,3/24/2017,0,0,0,0,0,4/19/2017,0,0,0,0,0,0,0,0,0
1/26/2017,14,22C,C,QUAL,3/24/2017,0,0,0,0,0,4/19/2017,0,0,0,0,0,0,0,0,0
1/26/2017,15,24T,T,QUAL,3/24/2017,0,0,0,0,0,4/19/2017,0,0,0,0,0,0,0,0,0
1/26/2017,16,33T,T,QUAL,3/24/2017,0,0,0,0,0,4/19/2017,0,0,0,0,0,0,0,0,0
1/26/2017,17,11C,C,QUAL,3/24/2017,1,4,10,9.6,9.5,4/19/2017,1,C1,5,1,05/07/2017,4,10.9,10.5,9.9
1/26/2017,18,23T,T,QUAL,3/24/2017,0,0,0,0,0,4/19/2017,0,0,0,0,0,0,0,0,0
1/26/2017,19,42C,C,QUAL,3/24/2017,1,5,11.7,10.5,10,4/19/2017,1,C1,5,5,05/07/2017,5,12.5,11.4,11.2
1/26/2017,20,42C,C,QUAL,3/24/2017,0,0,0,0,0,4/19/2017,0,0,0,0,0,0,0,0,0
1/26/2017,21,21T,T,QUAL,3/24/2017,1,3,6.8,6.6,4.4,4/19/2017,1,R1,1,6,05/07/2017,3,6.5,6.1,9.1
1/26/2017,22,32CIR,C,QUAL,3/24/2017,0,0,0,0,0,4/19/2017,0,0,0,0,0,0,0,0,0
1/26/2017,23,22C,C,QUAL,3/24/2017,0,0,0,0,0,4/19/2017,0,0,0,0,0,0,0,0,0
1/26/2017,24,41T,T,QUAL,3/24/2017,1,4,11.1,10.6,9.2,4/19/2017,1,R1,2,5,05/07/2017,4,11,10,10.5
1/26/2017,25,31T,T,QUAL,3/24/2017,0,0,0,0,0,4/19/2017,0,0,0,0,0,0,0,0,0
1/26/2017,26,21C,C,QUAL,3/24/2017,0,0,0,0,0,4/19/2017,0,0,0,0,0,0,0,0,0
1/26/2017,27,21C,C,QUAL,3/24/2017,0,0,0,0,0,4/19/2017,0,0,0,0,0,0,0,0,0
1/26/2017,28,22C,C,QUAL,3/24/2017,1,5,9.5,9.2,4.2,4/19/2017,1,R1,3,2,05/07/2017,5,9.2,8.7,5.6
1/26/2017,29,33T,T,QUAL,3/24/2017,1,5,8.4,8,7.7,4/19/2017,1,R1,5,9,05/07/2017,5,8.1,7.4,10.1
1/26/2017,30,31T,T,QUAL,3/24/2017,1,3,10.2,10,12,4/19/2017,1,R1,6,4,05/07/2017,3,10.6,10,12.2
1/26/2017,31,22C,C,QUAL,3/24/2017,1,5,9.4,8.7,4.1,4/19/2017,1,R1,7,6,05/07/2017,5,10.2,9.2,9.7
1/26/2017,32,42C,C,QUAL,3/24/2017,1,5,6.9,6.5,1.8,4/19/2017,1,I1,1,2,05/07/2017,5,7.4,6.8,8.2
1/26/2017,33,41C,C,QUAL,3/24/2017,0,0,0,0,0,4/19/2017,0,0,0,0,0,0,0,0,0
1/26/2017,34,21C,C,QUAL,3/24/2017,0,0,0,0,0,4/19/2017,0,0,0,0,0,0,0,0,0
1/26/2017,35,23C,C,QUAL,3/24/2017,1,5,11.9,11.5,3.9,4/19/2017,1,I1,2,7,05/07/2017,5,11.9,11.4,12.5
1/26/2017,36,42T,T,QUAL,3/24/2017,0,0,0,0,0,4/19/2017,0,0,0,0,0,0,0,0,0
1/26/2017,37,31C,C,QUAL,3/24/2017,0,0,0,0,0,4/19/2017,0,0,0,0,0,0,0,0,0
1/26/2017,38,21C,C,QUAL,3/24/2017,0,0,0,0,0,4/19/2017,0,0,0,0,0,0,0,0,0
1/26/2017,39,21C,C,QUAL,3/24/2017,0,0,0,0,0,4/19/2017,0,0,0,0,0,0,0,0,0
1/26/2017,40,41C,C,QUAL,3/24/2017,0,0,0,0,0,4/19/2017,0,0,0,0,0,0,0,0,0
1/26/2017,41,42T,T,QUAL,3/24/2017,0,0,0,0,0,4/19/2017,0,0,0,0,0,0,0,0,0
1/26/2017,42,31C,C,QUAL,3/24/2017,0,0,0,0,0,4/19/2017,0,0,0,0,0,0,0,0,0
1/26/2017,43,22C,C,QUAL,3/24/2017,1,4,8.5,7.9,5,4/19/2017,1,I1,3,7,05/07/2017,4,8.6,8,6.2
1/26/2017,44,22C,C,QUAL,3/24/2017,1,4,7.4,6.8,8.2,4/19/2017,1,I1,5,5,05/07/2017,5,7.6,7.1,9.1
1/26/2017,45,11T,T,QUAL,3/24/2017,1,4,8,6.9,8.1,4/19/2017,1,I1,5,7,05/07/2017,4,8.2,7,9.1
1/26/2017,46,41C,C,QUAL,3/24/2017,0,0,0,0,0,4/19/2017,0,0,0,0,0,0,0,0,0
1/26/2017,47,23T,T,QUAL,3/24/2017,1,4,9,8.9,9.9,4/19/2017,1,I1,7,8,05/07/2017,4,9.3,9,10.2
1/26/2017,48,23C,C,QUAL,3/24/2017,1,3,8.4,7.9,7.2,4/19/2017,1,C2,1,1,05/06/2017,3,7.9,6.9,9.2
1/26/2017,49,31C,C,QUAL,3/24/2017,0,0,0,0,0,4/19/2017,0,0,0,0,0,0,0,0,0
1/26/2017,50,41T,T,QUAL,3/24/2017,1,4,12.1,11.9,10.6,4/19/2017,1,C2,3,6,05/06/2017,4,10,9.1,11.3
1/26/2017,51,22T,T,QUAL,3/24/2017,0,0,0,0,0,4/19/2017,0,0,0,0,0,0,0,0,0
1/28/2017,52,11C,C,QUAL,3/24/2017,0,0,0,0,0,4/19/2017,0,0,0,0,0,0,0,0,0
1/28/2017,53,21T,T,QUAL,3/24/2017,1,3,10.3,9.9,10.3,4/19/2017,1,C2,4,8,05/06/2017,3,10,9.2,12.4
1/28/2017,54,23T,T,QUAL,3/24/2017,0,0,0,0,0,4/19/2017,0,0,0,0,0,0,0,0,0
1/28/2017,55,31T,T,QUAL,3/24/2017,0,0,0,0,0,4/19/2017,0,0,0,0,0,0,0,0,0
1/28/2017,56,41T,T,QUAL,3/24/2017,0,0,0,0,0,4/19/2017,0,0,0,0,0,0,0,0,0
1/28/2017,57,31T,T,QUAL,3/24/2017,0,0,0,0,0,4/19/2017,0,0,0,0,0,0,0,0,0
1/28/2017,58,23C,C,QUAL,3/24/2017,1,4,7.2,6.8,5.4,4/19/2017,1,C2,5,6,05/06/2017,4,6,5.2,6.7
1/28/2017,59,11T,T,QUAL,3/24/2017,1,3,10.4,9.9,12.1,4/19/2017,1,C2,6,3,05/06/2017,4,11.7,10.6,12.4
1/28/2017,60,31T,T,QUAL,3/24/2017,1,2,9.9,9.5,12,4/19/2017,1,C2,8,1,05/06/2017,2,9.2,8.6,13
1/28/2017,61,31T,T,QUAL,3/24/2017,1,8,8,5.5,3.9,4/19/2017,1,R2,1,2,05/06/2017,8,8.9,7,8
1/28/2017,62,31C,C,QUAL,3/24/2017,1,6,13.3,12.4,4.7,4/19/2017,1,R2,2,3,05/06/2017,6,15,11.9,12
1/28/2017,62,31C,C,QUAL,3/24/2017,1,2,5.8,5.4,2.5,4/19/2017,1,R2,,,,2,6.8,6.5,8.5
1/28/2017,63,11CIR,C,QUAL,3/24/2017,0,0,0,0,0,4/19/2017,0,0,,,,,,,
1/28/2017,64,41C,C,QUAL,3/24/2017,1,4,5.8,5.4,7,4/19/2017,1,R2,,,,,,,
1/28/2017,65,11CIR,C,QUAL,3/24/2017,1,4,11.3,11.1,9.5,4/19/2017,1,R2,6,6,05/06/2017,4,10.6,10.2,10
1/28/2017,66,42C,C,QUAL,3/24/2017,0,0,0,0,0,4/19/2017,0,0,0,0,0,0,0,0,0
1/28/2017,67,21T,T,QUAL,3/24/2017,0,0,0,0,0,4/19/2017,0,0,0,0,0,0,0,0,0
1/28/2017,68,11CIR,C,QUAL,3/24/2017,0,0,0,0,0,4/19/2017,0,0,0,0,0,0,0,0,0
1/28/2017,69,23C,C,QUAL,3/24/2017,0,0,0,0,0,4/19/2017,0,0,0,0,0,0,0,0,0
1/28/2017,70,24T,T,QUAL,3/24/2017,0,0,0,0,0,4/19/2017,0,0,0,0,0,0,0,0,0
1/28/2017,71,32C,C,QUAL,3/24/2017,0,0,0,0,0,4/19/2017,0,0,0,0,0,0,0,0,0
1/28/2017,72,33TIR,T,QUAL,3/24/2017,0,0,0,0,0,4/19/2017,0,0,0,0,0,0,0,0,0
1/28/2017,73,21C,C,QUAL,3/24/2017,0,0,0,0,0,4/19/2017,0,0,0,0,0,0,0,0,0
1/28/2017,74,32CIR,C,QUAL,3/24/2017,0,0,0,0,0,4/19/2017,0,0,0,0,0,0,0,0,0
1/28/2017,75,32TIR,T,QUAL,3/24/2017,0,0,0,0,0,4/19/2017,0,0,0,0,0,0,0,0,0
1/28/2017,76,33TIR,T,QUAL,3/24/2017,1,3,10.5,9.9,9.2,4/19/2017,1,R2,7,5,05/06/2017,3,9.1,8.2,9.3
1/28/2017,77,11CIR,C,QUAL,3/24/2017,0,0,0,0,0,4/19/2017,0,0,0,0,0,0,0,0,0
1/28/2017,78,33T,T,QUAL,3/24/2017,0,0,0,0,0,4/19/2017,0,0,0,0,0,0,0,0,0
1/28/2017,79,11T,T,QUAL,3/24/2017,0,0,0,0,0,4/19/2017,0,0,0,0,0,0,0,0,0
1/28/2017,80,22T,T,QUAL,3/24/2017,0,0,0,0,0,4/19/2017,0,0,0,0,0,0,0,0,0
1/28/2017,81,24T,T,QUAL,3/24/2017,0,0,0,0,0,4/19/2017,0,0,0,0,0,0,0,0,0
1/28/2017,82,21T,T,QUAL,3/24/2017,0,0,0,0,0,4/19/2017,0,0,0,0,0,0,0,0,0
1/28/2017,83,42C,C,QUAL,3/24/2017,0,0,0,0,0,4/19/2017,0,0,0,0,0,0,0,0,0
1/28/2017,84,42C,C,QUAL,3/24/2017,0,0,0,0,0,4/19/2017,0,0,0,0,0,0,0,0,0
1/28/2017,85,24T,T,QUAL,3/24/2017,0,0,0,0,0,4/19/2017,0,0,0,0,0,0,0,0,0
1/28/2017,86,33TIR,T,QUAL,3/24/2017,0,0,0,0,0,4/19/2017,0,0,0,0,0,0,0,0,0
1/28/2017,87,32C,C,QUAL,3/24/2017,0,0,0,0,0,4/19/2017,0,0,0,0,0,0,0,0,0
1/28/2017,88,24T,T,QUAL,3/24/2017,0,0,0,0,0,4/19/2017,0,0,0,0,0,0,0,0,0
1/28/2017,89,32TIR,T,QUAL,3/24/2017,0,0,0,0,0,4/19/2017,0,0,0,0,0,0,0,0,0
1/28/2017,90,33TIR,T,QUAL,3/24/2017,0,0,0,0,0,4/19/2017,0,0,0,0,0,0,0,0,0
1/28/2017,91,42T,T,QUAL,3/24/2017,0,0,0,0,0,4/19/2017,0,0,0,0,0,0,0,0,0
1/28/2017,92,42C,C,QUAL,3/24/2017,0,0,0,0,0,4/19/2017,0,0,0,0,0,0,0,0,0
1/28/2017,93,11CIR,C,QUAL,3/24/2017,0,0,0,0,0,4/19/2017,0,0,0,0,0,0,0,0,0
1/28/2017,94,31T,T,QUAL,3/24/2017,0,0,0,0,0,4/19/2017,0,0,0,0,0,0,0,0,0
1/28/2017,95,24T,T,QUAL,3/24/2017,0,0,0,0,0,4/19/2017,0,0,0,0,0,0,0,0,0
1/28/2017,96,24T,T,QUAL,3/24/2017,0,0,0,0,0,4/19/2017,0,0,0,0,0,0,0,0,0
1/28/2017,97,33TIR,T,QUAL,3/24/2017,0,0,0,0,0,4/19/2017,0,0,0,0,0,0,0,0,0
1/28/2017,98,41C,C,QUAL,3/24/2017,0,0,0,0,0,4/19/2017,0,0,0,0,0,0,0,0,0
1/28/2017,99,33C,C,QUAL,3/24/2017,0,0,0,0,0,4/19/2017,0,0,0,0,0,0,0,0,0
1/28/2017,100,33C,C,QUAL,3/24/2017,0,0,0,0,0,4/19/2017,0,0,0,0,0,0,0,0,0
1/28/2017,101,21T,T,QUAL,3/24/2017,1,1,1,0.8,0.3,4/19/2017,0,0,0,0,0,0,0,0,0
1/28/2017,102,21T,T,QUAL,3/24/2017,0,0,0,0,0,4/19/2017,0,0,0,0,0,0,0,0,0
1/28/2017,103,24T,T,QUAL,3/24/2017,0,0,0,0,0,4/19/2017,0,0,0,0,0,0,0,0,0
1/28/2017,104,11T,T,QUAL,3/24/2017,0,0,0,0,0,4/19/2017,0,0,0,0,0,0,0,0,0
1/28/2017,105,21T,T,QUAL,3/24/2017,0,0,0,0,0,4/19/2017,0,0,0,0,0,0,0,0,0
1/28/2017,106,42T,T,QUAL,3/24/2017,1,3,5.9,5.6,2.4,4/19/2017,1,I2,1,9,05/05/2017,3,7,7.6,11.2
1/28/2017,107,41T,T,QUAL,3/24/2017,0,0,0,0,0,4/19/2017,0,0,0,0,0,0,0,0,0
1/28/2017,108,11T,T,QUAL,3/24/2017,0,0,0,0,0,4/19/2017,0,0,0,0,0,0,0,0,0
1/28/2017,109,42T,T,QUAL,3/24/2017,0,0,0,0,0,4/19/2017,0,0,0,0,0,0,0,0,0
1/28/2017,110,33T,T,QUAL,3/24/2017,0,0,0,0,0,4/19/2017,0,0,0,0,0,0,0,0,0
1/28/2017,111,11C,C,QUAL,3/24/2017,0,0,0,0,0,4/19/2017,0,0,0,0,0,0,0,0,0
1/28/2017,112,42C,C,QUAL,3/24/2017,0,0,0,0,0,4/19/2017,0,0,0,0,0,0,0,0,0
1/28/2017,113,22T,T,QUAL,3/24/2017,1,3,9.9,9.5,8.8,4/19/2017,1,I2,2,7,05/05/2017,3,10.4,10,12.2
1/28/2017,114,23C,C,QUAL,3/24/2017,0,0,0,0,0,4/19/2017,0,0,0,0,0,0,0,0,0
1/28/2017,115,11C,C,QUAL,3/24/2017,0,0,0,0,0,4/19/2017,0,0,0,0,0,0,0,0,0
1/28/2017,116,21T,T,QUAL,3/24/2017,0,0,0,0,0,4/19/2017,0,0,0,0,0,0,0,0,0
1/28/2017,117,23C,C,QUAL,3/24/2017,0,0,0,0,0,4/19/2017,0,0,0,0,0,0,0,0,0
1/28/2017,118,22T,T,QUAL,3/24/2017,0,0,0,0,0,4/19/2017,0,0,0,0,0,0,0,0,0
1/28/2017,119,11T,T,QUAL,3/24/2017,0,0,0,0,0,4/19/2017,0,0,0,0,0,0,0,0,0
1/28/2017,120,42C,C,QUAL,3/24/2017,0,0,0,0,0,4/19/2017,0,0,0,0,0,0,0,0,0
1/28/2017,121,42C,C,QUAL,3/24/2017,0,0,0,0,0,4/19/2017,0,0,0,0,0,0,0,0,0
1/28/2017,122,22T,T,QUAL,3/24/2017,0,0,0,0,0,4/19/2017,0,0,0,0,0,0,0,0,0
1/28/2017,123,33TIR,T,QUAL,3/24/2017,0,0,0,0,0,4/19/2017,0,0,0,0,0,0,0,0,0
1/28/2017,124,31C,C,QUAL,3/24/2017,0,0,0,0,0,4/19/2017,0,0,0,0,0,0,0,0,0
1/28/2017,125,31T,T,QUAL,3/24/2017,0,0,0,0,0,4/19/2017,0,0,0,0,0,0,0,0,0
1/28/2017,126,33T,T,QUAL,3/24/2017,0,0,0,0,0,4/19/2017,0,0,0,0,0,0,0,0,0
1/28/2017,127,31C,C,QUAL,3/24/2017,0,0,0,0,0,4/19/2017,0,0,0,0,0,0,0,0,0
1/28/2017,128,32C,C,QUAL,3/24/2017,0,0,0,0,0,4/19/2017,0,0,0,0,0,0,0,0,0
1/28/2017,129,23T,T,QUAL,3/24/2017,0,0,0,0,0,4/19/2017,0,0,0,0,0,0,0,0,0
1/28/2017,130,41T,T,QUAL,3/24/2017,0,0,0,0,0,4/19/2017,0,0,0,0,0,0,0,0,0
1/28/2017,131,32T,T,QUAL,3/24/2017,0,0,0,0,0,4/19/2017,0,0,0,0,0,0,0,0,0
1/28/2017,132,23C,C,QUAL,3/24/2017,0,0,0,0,0,4/19/2017,0,0,0,0,0,0,0,0,0
1/28/2017,133,11CIR,C,QUAL,3/24/2017,0,0,0,0,0,4/19/2017,0,0,0,0,0,0,0,0,0
1/28/2017,134,11C,C,QUAL,3/24/2017,0,0,0,0,0,4/19/2017,0,0,0,0,0,0,0,0,0
1/28/2017,135,21T,T,QUAL,3/24/2017,0,0,0,0,0,4/19/2017,0,0,0,0,0,0,0,0,0
1/28/2017,136,23C,C,QUAL,3/24/2017,0,0,0,0,0,4/19/2017,0,0,0,0,0,0,0,0,0
1/28/2017,137,22T,T,QUAL,3/24/2017,0,0,0,0,0,4/19/2017,0,0,0,0,0,0,0,0,0
1/28/2017,138,21T,T,QUAL,3/24/2017,0,0,0,0,0,4/19/2017,0,0,0,0,0,0,0,0,0
1/28/2017,139,42C,C,QUAL,3/24/2017,0,0,0,0,0,4/19/2017,0,0,0,0,0,0,0,0,0
1/28/2017,140,42C,C,QUAL,3/24/2017,0,0,0,0,0,4/19/2017,0,0,0,0,0,0,0,0,0
1/28/2017,141,33TIR,T,QUAL,3/24/2017,1,1,3.2,3.1,1,4/19/2017,1,FALSE,,,,,,,
1/28/2017,142,31C,C,QUAL,3/24/2017,0,0,0,0,0,4/19/2017,0,0,0,0,0,0,0,0,0
1/28/2017,143,31T,T,QUAL,3/24/2017,0,0,0,0,0,4/19/2017,0,0,0,0,0,0,0,0,0
1/28/2017,144,33T,T,QUAL,3/24/2017,0,0,0,0,0,4/19/2017,0,0,0,0,0,0,0,0,0
1/28/2017,145,31C,C,QUAL,3/24/2017,0,0,0,0,0,4/19/2017,0,0,0,0,0,0,0,0,0
1/28/2017,146,32C,C,QUAL,3/24/2017,0,0,0,0,0,4/19/2017,0,0,0,0,0,0,0,0,0
1/28/2017,147,23T,T,QUAL,3/24/2017,0,0,0,0,0,4/19/2017,0,0,0,0,0,0,0,0,0
1/28/2017,148,41T,T,QUAL,3/24/2017,0,0,0,0,0,4/19/2017,0,0,0,0,0,0,0,0,0
1/28/2017,149,32TIR,T,QUAL,3/24/2017,0,0,0,0,0,4/19/2017,0,0,0,0,0,0,0,0,0
1/29/2017,150,23C,C,QUAL,3/24/2017,0,0,0,0,0,4/19/2017,0,0,0,0,0,0,0,0,0
1/29/2017,151,11CIR,C,QUAL,3/24/2017,0,0,0,0,0,4/19/2017,0,0,0,0,0,0,0,0,0
1/29/2017,152,11C,C,QUAL,3/24/2017,0,0,0,0,0,4/19/2017,0,0,0,0,0,0,0,0,0
1/29/2017,153,11T,T,QUAL,3/24/2017,0,0,0,0,0,4/19/2017,0,0,0,0,0,0,0,0,0
1/29/2017,154,42T,T,QUAL,3/24/2017,0,0,0,0,0,4/19/2017,0,0,0,0,0,0,0,0,0
1/29/2017,155,32TIR,T,QUAL,3/24/2017,0,0,0,0,0,4/19/2017,0,0,0,0,0,0,0,0,0
1/29/2017,156,11T,T,QUAL,3/24/2017,0,0,0,0,0,4/19/2017,0,0,0,0,0,0,0,0,0
1/29/2017,157,11T,T,QUAL,3/24/2017,0,0,0,0,0,4/19/2017,0,0,0,0,0,0,0,0,0
1/29/2017,158,41T,T,QUAL,3/24/2017,0,0,0,0,0,4/19/2017,0,0,0,0,0,0,0,0,0
1/29/2017,159,24T,T,QUAL,3/24/2017,0,0,0,0,0,4/19/2017,0,0,0,0,0,0,0,0,0
1/29/2017,160,41C,C,QUAL,3/24/2017,0,0,0,0,0,4/19/2017,0,0,0,0,0,0,0,0,0
1/29/2017,161,11T,T,QUAL,3/24/2017,0,0,0,0,0,4/19/2017,0,0,0,0,0,0,0,0,0
1/29/2017,162,33C,C,QUAL,3/24/2017,1,3,6.8,6.5,3.6,4/19/2017,1,FALSE,,,,,,,
1/29/2017,163,33C,C,QUAL,3/24/2017,0,0,0,0,0,4/19/2017,0,0,0,0,0,0,0,0,0
1/29/2017,164,33C,C,QUAL,3/24/2017,0,0,0,0,0,4/19/2017,0,0,0,0,0,0,0,0,0
1/29/2017,165,42T,T,QUAL,3/24/2017,0,0,0,0,0,4/19/2017,0,0,0,0,0,0,0,0,0
1/29/2017,166,42C,C,QUAL,3/24/2017,1,3,5.8,5.5,4.4,4/19/2017,1,I2,8,7,05/05/2017,3,7.8,7.6,13.1
1/29/2017,167,42C,C,QUAL,3/24/2017,0,0,0,0,0,4/19/2017,1,I2,5,6,05/05/2017,4,7.7,7,13.5
1/29/2017,168,31T,T,QUAL,3/24/2017,1,4,8.3,8.2,6.3,4/19/2017,1,I2,9,5,05/04/2017,4,9.7,8.9,11.4
1/29/2017,169,41C,C,QUAL,3/24/2017,0,0,0,0,0,4/19/2017,0,0,0,0,0,0,0,0,0
1/29/2017,170,31T,T,QUAL,3/24/2017,0,0,0,0,0,4/19/2017,0,0,0,0,0,0,0,0,0
1/29/2017,171,11T,T,QUAL,3/24/2017,0,0,0,0,0,4/19/2017,0,0,0,0,0,0,0,0,0
1/29/2017,172,23C,C,QUAL,3/24/2017,0,0,0,0,0,4/19/2017,0,0,0,0,0,0,0,0,0
1/29/2017,173,31C,C,QUAL,3/24/2017,0,0,0,0,0,4/19/2017,0,0,0,0,0,0,0,0,0
1/29/2017,174,32CIR,C,QUAL,3/24/2017,0,0,0,0,0,4/19/2017,0,0,0,0,0,0,0,0,0
1/29/2017,175,32T,T,QUAL,3/24/2017,0,0,0,0,0,4/19/2017,0,0,0,0,0,0,0,0,0
1/29/2017,176,33TIR,T,QUAL,3/24/2017,1,1,0.3,0.1,0.2,4/19/2017,1,I2,9,7,05/04/2017,4,9.7,8.5,9.7
1/29/2017,177,22C,C,QUAL,3/24/2017,0,0,0,0,0,4/19/2017,0,0,0,0,0,0,0,0,0
1/29/2017,178,21C,C,QUAL,3/24/2017,0,0,0,0,0,4/19/2017,0,0,0,0,0,0,0,0,0
1/29/2017,179,31C,C,QUAL,3/24/2017,0,0,0,0,0,4/19/2017,0,0,0,0,0,0,0,0,0
1/29/2017,180,11C,C,QUAL,3/24/2017,1,2,5.4,5.2,6.9,4/19/2017,1,R2,9,2,05/06/2017,2,4.4,3.9,13.3
1/29/2017,181,11T,T,QUAL,3/24/2017,0,0,0,0,0,4/19/2017,0,0,0,0,0,0,0,0,0
1/29/2017,182,42C,C,QUAL,3/24/2017,0,0,0,0,0,4/19/2017,0,0,0,0,0,0,0,0,0
1/29/2017,183,42C,C,QUAL,3/24/2017,0,0,0,0,0,4/19/2017,0,0,0,0,0,0,0,0,0
1/29/2017,184,33TIR,T,QUAL,3/24/2017,0,0,0,0,0,4/19/2017,0,0,0,0,0,0,0,0,0
1/29/2017,185,31T,T,QUAL,3/24/2017,1,3,9.2,9,8.9,4/19/2017,1,C3,1,4,05/04/2017,3,8.9,8.6,12.5
1/29/2017,186,31T,T,QUAL,3/24/2017,1,3,5.6,5.3,6.1,4/19/2017,1,C3,6,6,05/04/2017,3,5.4,5,10.6
1/29/2017,187,33C,C,QUAL,3/24/2017,1,4,11.6,10.9,11.6,4/19/2017,1,FALSE,,,,,,,
1/29/2017,188,23T,T,QUAL,3/24/2017,0,0,0,0,0,4/19/2017,0,0,0,0,0,0,0,0,0
1/29/2017,189,23T,T,QUAL,3/24/2017,0,0,0,0,0,4/19/2017,0,0,0,0,0,0,0,0,0
1/29/2017,190,41T,T,QUAL,3/24/2017,1,4,10,9.5,7.1,4/19/2017,1,FALSE,,,,,,,
1/29/2017,191,41T,T,QUAL,3/24/2017,0,0,0,0,0,4/19/2017,0,0,0,0,0,0,0,0,0
1/29/2017,192,22C,C,QUAL,3/24/2017,0,0,0,0,0,4/19/2017,0,0,0,0,0,0,0,0,0
1/29/2017,193,11C,C,QUAL,3/24/2017,1,4,9.3,8.9,4.3,4/19/2017,1,C3,8,7,05/04/2017,4,9,8,13.4
1/29/2017,194,11T,T,QUAL,3/24/2017,0,0,0,0,0,4/19/2017,0,0,0,0,0,0,0,0,0
1/29/2017,195,42C,C,QUAL,3/24/2017,0,0,0,0,0,4/19/2017,0,0,0,0,0,0,0,0,0
1/29/2017,196,33TIR,T,QUAL,3/24/2017,1,5,12,11.5,10.5,4/19/2017,1,R3,1,2,05/04/2017,5,10.9,10,13.1
1/29/2017,197,21C,C,QUAL,3/24/2017,0,0,0,0,0,4/19/2017,0,0,0,0,0,0,0,0,0
1/29/2017,198,31C,C,QUAL,3/24/2017,0,0,0,0,0,4/19/2017,0,0,0,0,0,0,0,0,0
1/29/2017,199,32CIR,C,QUAL,3/24/2017,1,4,10,9.7,6.9,4/19/2017,1,R3,4,8,05/04/2017,4,9,8.7,12.7
1/29/2017,200,11CIR,C,QUAL,3/24/2017,0,0,0,0,0,4/19/2017,0,0,0,0,0,0,0,0,0
1/29/2017,201,32TIR,T,QUAL,3/24/2017,0,0,0,0,0,4/19/2017,0,0,0,0,0,0,0,0,0
1/29/2017,202,22T,T,QUAL,3/24/2017,0,0,0,0,0,4/19/2017,0,0,0,0,0,0,0,0,0
1/29/2017,203,22C,C,QUAL,3/24/2017,0,0,0,0,0,4/19/2017,0,0,0,0,0,0,0,0,0
1/29/2017,204,33T,T,QUAL,3/24/2017,0,0,0,0,0,4/19/2017,0,0,0,0,0,0,0,0,0
1/29/2017,205,41C,C,QUAL,3/24/2017,0,0,0,0,0,4/19/2017,0,0,0,0,0,0,0,0,0
1/29/2017,206,31C,C,QUAL,3/24/2017,0,0,0,0,0,4/19/2017,0,0,0,0,0,0,0,0,0
1/29/2017,207,22T,T,QUAL,3/24/2017,0,0,0,0,0,4/19/2017,0,0,0,0,0,0,0,0,0
1/29/2017,208,21C,C,QUAL,3/24/2017,0,0,0,0,0,4/19/2017,0,0,0,0,0,0,0,0,0
1/29/2017,209,32CIR,C,QUAL,3/24/2017,0,0,0,0,0,4/19/2017,0,0,0,0,0,0,0,0,0
1/29/2017,210,32CIR,C,QUAL,3/24/2017,0,0,0,0,0,4/19/2017,0,0,0,0,0,0,0,0,0
1/29/2017,211,23T,T,QUAL,3/24/2017,0,0,0,0,0,4/19/2017,0,0,0,0,0,0,0,0,0
1/29/2017,212,32TIR,T,QUAL,3/24/2017,0,0,0,0,0,4/19/2017,0,0,0,0,0,0,0,0,0
1/29/2017,213,31T,T,QUAL,3/24/2017,0,0,0,0,0,4/19/2017,0,0,0,0,0,0,0,0,0
1/29/2017,214,33TIR,T,QUAL,3/24/2017,0,0,0,0,0,4/19/2017,0,0,0,0,0,0,0,0,0
1/29/2017,215,22C,C,QUAL,3/24/2017,0,0,0,0,0,4/19/2017,0,0,0,0,0,0,0,0,0
1/29/2017,216,11T,T,QUAL,3/24/2017,0,0,0,0,0,4/19/2017,0,0,0,0,0,0,0,0,0
1/30/2017,217,21T,T,QUAL,3/24/2017,0,0,0,0,0,4/19/2017,0,0,0,0,0,0,0,0,0
1/30/2017,218,32C,C,QUAL,3/24/2017,0,0,0,0,0,4/19/2017,0,0,0,0,0,0,0,0,0
1/30/2017,219,41C,C,QUAL,3/24/2017,0,0,0,0,0,4/19/2017,0,0,0,0,0,0,0,0,0
1/30/2017,220,41C,C,QUAL,3/24/2017,0,0,0,0,0,4/19/2017,0,0,0,0,0,0,0,0,0
1/30/2017,221,41C,C,QUAL,3/24/2017,1,5,8.6,8.2,4.9,4/19/2017,1,R3,6,1,05/04/2017,5,9.6,8.7,9.3
1/30/2017,222,41T,T,QUAL,3/24/2017,1,3,7,6.8,7,4/19/2017,1,R3,6,4,05/04/2017,3,7.9,7.6,8.5
1/30/2017,223,23C,C,QUAL,3/24/2017,0,0,0,0,0,4/19/2017,0,0,0,0,0,0,0,0,0
1/30/2017,224,42C,C,QUAL,3/24/2017,1,4,9.3,9,8.1,4/19/2017,1,R3,7,9,05/04/2017,4,11.2,10.6,8
1/30/2017,225,33TIR,T,QUAL,3/24/2017,0,0,0,0,0,4/19/2017,0,0,0,0,0,0,0,0,0
1/30/2017,226,42T,T,QUAL,3/24/2017,1,3,6.6,6,2.5,4/19/2017,0,0,0,0,0,0,0,0,0
1/30/2017,227,23T,T,QUAL,3/24/2017,1,3,10,9.5,11,4/19/2017,1,R3,8,8,05/04/2017,3,11,10.7,11.1
1/30/2017,228,21C,C,QUAL,3/24/2017,1,3,4.7,4.4,1.7,4/19/2017,1,I3,1,3,05/03/2017,5,6,5.2,10.2
1/30/2017,229,42T,T,QUAL,3/24/2017,0,0,0,0,0,4/19/2017,0,0,0,0,0,0,0,0,0
1/30/2017,230,41T,T,QUAL,3/24/2017,1,3,9.2,8.7,10.5,4/19/2017,1,I3,2,4,05/03/2017,3,10.4,9.5,10.6
1/30/2017,231,31C,C,QUAL,3/24/2017,0,0,0,0,0,4/19/2017,0,0,0,0,0,0,0,0,0
1/30/2017,232,41C,C,QUAL,3/24/2017,0,0,0,0,0,4/19/2017,0,0,0,0,0,0,0,0,0
1/30/2017,233,23C,C,QUAL,3/24/2017,0,0,0,0,0,4/19/2017,0,0,0,0,0,0,0,0,0
1/30/2017,234,22C,C,QUAL,3/24/2017,0,0,0,0,0,4/19/2017,0,0,0,0,0,0,0,0,0
1/30/2017,235,41T,T,QUAL,3/24/2017,0,0,0,0,0,4/19/2017,0,0,0,0,0,0,0,0,0
1/30/2017,236,32CIR,C,QUAL,3/24/2017,0,0,0,0,0,4/19/2017,0,0,0,0,0,0,0,0,0
1/30/2017,237,21T,T,QUAL,3/24/2017,0,0,0,0,0,4/19/2017,0,0,0,0,0,0,0,0,0
1/30/2017,238,22T,T,QUAL,3/24/2017,0,0,0,0,0,4/19/2017,0,0,0,0,0,0,0,0,0
1/30/2017,239,41T,T,QUAL,3/24/2017,1,3,8.4,8,9,4/19/2017,1,I3,4,5,05/03/2017,3,8,7.4,10.6
1/30/2017,240,31T,T,QUAL,3/24/2017,1,2,3.6,3.4,3.5,4/19/2017,1,I3,5,1,05/03/2017,1,4.5,4,4.7
1/30/2017,241,21C,C,QUAL,3/24/2017,0,0,0,0,0,4/19/2017,0,0,0,0,0,0,0,0,0
1/30/2017,242,22C,C,QUAL,3/24/2017,0,0,0,0,0,4/19/2017,0,0,0,0,0,0,0,0,0
1/30/2017,243,42T,T,QUAL,3/24/2017,0,0,0,0,0,4/19/2017,0,0,0,0,0,0,0,0,0
1/30/2017,244,11CIR,C,QUAL,3/24/2017,0,0,0,0,0,4/19/2017,0,0,0,0,0,0,0,0,0
1/30/2017,245,22T,T,QUAL,3/24/2017,0,0,0,0,0,4/19/2017,0,0,0,0,0,0,0,0,0
1/30/2017,246,22T,T,QUAL,3/24/2017,1,5,11.1,10.8,5.9,4/19/2017,1,I3,6,4,05/03/2017,5,11.4,11,11.2
1/30/2017,247,11CIR,C,QUAL,3/24/2017,1,4,7,6.8,6.9,4/19/2017,1,I3,9,1,05/03/2017,3,6.7,6.3,8.1
1/30/2017,248,33TIR,T,QUAL,3/24/2017,0,0,0,0,0,4/19/2017,0,0,,,,,,,
1/30/2017,249,32CIR,C,QUAL,3/24/2017,0,0,0,0,0,4/19/2017,0,0,,,,,,,
1/30/2017,250,32CIR,C,QUAL,3/24/2017,0,0,0,0,0,4/19/2017,0,0,,,,,,,
1/30/2017,251,42C,C,PRSE2,3/21/2017,1,5,6.8,3.4,5.9,4/19/2017,1,C1,1,1,05/07/2017,6,5.1,1.7,5.2
1/30/2017,251,42C,C,PRSE2,3/21/2017,1,5,6,2.8,5.1,4/19/2017,1,C1,1,2,05/07/2017,6,6.3,1.9,6.3
1/30/2017,251,42C,C,PRSE2,3/21/2017,1,5,6.4,2.8,5,4/19/2017,1,C1,1,4,05/07/2017,6,6,2.2,5.3
1/30/2017,251,42C,C,PRSE2,3/21/2017,1,6,6,2.1,4,4/19/2017,1,C1,1,5,05/07/2017,6,4.7,1.9,4.2
1/30/2017,251,42C,C,PRSE2,3/21/2017,1,4,2,1.7,2.5,4/19/2017,1,C1,1,6,05/07/2017,5,1.6,1.2,2.2
1/30/2017,251,42C,C,PRSE2,3/21/2017,0,3,1,0.2,1,4/19/2017,0,0,0,0,0,0,0,0,0
1/30/2017,252,11CIR,C,PRSE2,3/21/2017,1,5,4.1,1,5,4/19/2017,1,C1,1,7,05/07/2017,7,3.1,1,5.6
1/30/2017,252,11CIR,C,PRSE2,3/21/2017,1,6,4.2,2,4.3,4/19/2017,1,C1,1,8,05/07/2017,8,2.6,1.9,7.2
1/30/2017,252,11CIR,C,PRSE2,3/21/2017,1,6,5.5,1.4,3.9,4/19/2017,1,C1,2,1,05/07/2017,5,6.2,2.9,5.7
1/30/2017,252,11CIR,C,PRSE2,3/21/2017,1,4,2.3,1.9,2,4/19/2017,1,C1,2,3,05/07/2017,4,4.2,2.7,5.7
1/30/2017,252,11CIR,C,PRSE2,3/21/2017,1,4,2.3,1.5,1.1,4/19/2017,0,0,0,0,0,0,0,0,0
1/30/2017,252,11CIR,C,PRSE2,3/21/2017,1,5,1.8,0.9,1.1,4/19/2017,0,0,0,0,0,0,0,0,0
1/30/2017,252,11CIR,C,PRSE2,3/21/2017,1,1,0.3,0.3,0.3,4/19/2017,0,0,0,0,0,0,0,0,0
1/30/2017,253,33TIR,T,PRSE2,3/21/2017,0,0,0,0,0,4/19/2017,0,0,0,0,0,0,0,0,0
1/30/2017,253,33TIR,T,PRSE2,3/21/2017,0,0,0,0,0,4/19/2017,0,0,0,0,0,0,0,0,0
1/30/2017,253,33TIR,T,PRSE2,3/21/2017,0,0,0,0,0,4/19/2017,0,0,0,0,0,0,0,0,0
1/30/2017,253,33TIR,T,PRSE2,3/21/2017,0,0,0,0,0,4/19/2017,0,0,0,0,0,0,0,0,0
1/30/2017,253,33TIR,T,PRSE2,3/21/2017,0,0,0,0,0,4/19/2017,0,0,0,0,0,0,0,0,0
1/30/2017,253,33TIR,T,PRSE2,3/21/2017,0,0,0,0,0,4/19/2017,0,0,0,0,0,0,0,0,0
1/30/2017,254,11CIR,C,PRSE2,3/21/2017,1,6,4.6,2.6,5.1,4/19/2017,1,C1,2,5,05/07/2017,6,5.3,2.6,5.9
1/30/2017,254,11CIR,C,PRSE2,3/21/2017,1,6,5.1,2.7,4.7,4/19/2017,1,C1,2,6,05/07/2017,4,2.2,1.6,5.2
1/30/2017,254,11CIR,C,PRSE2,3/21/2017,1,4,5.5,3.1,3.4,4/19/2017,1,C1,2,9,05/07/2017,5,2.2,1.7,3.7
1/30/2017,254,11CIR,C,PRSE2,3/21/2017,1,4,2.8,1.5,3.3,4/19/2017,1,C1,3,2,05/07/2017,8,4.9,2.7,5
1/30/2017,254,11CIR,C,PRSE2,3/21/2017,1,4,4.6,3,3.1,4/19/2017,1,C1,3,3,05/07/2017,6,5.4,2.6,5.4
1/30/2017,254,11CIR,C,PRSE2,3/21/2017,1,4,2.4,2,2.6,4/19/2017,1,C1,3,5,05/07/2017,4,5.2,4,5
1/30/2017,255,33TIR,T,PRSE2,3/21/2017,1,4,3.7,2.3,4.2,4/19/2017,1,C1,3,6,05/07/2017,7,1.9,0.6,5.4
1/30/2017,255,33TIR,T,PRSE2,3/21/2017,1,4,2.9,1.5,2.5,4/19/2017,1,C1,3,7,05/07/2017,4,1,0.6,2.2
1/30/2017,255,33TIR,T,PRSE2,3/21/2017,1,4,1.9,1,1.7,4/19/2017,0,0,0,0,0,0,0,0,0
1/30/2017,255,33TIR,T,PRSE2,3/21/2017,0,0,0,0,0,4/19/2017,0,0,0,0,0,0,0,0,0
1/30/2017,255,33TIR,T,PRSE2,3/21/2017,0,0,0,0,0,4/19/2017,0,0,0,0,0,0,0,0,0
1/30/2017,255,33TIR,T,PRSE2,3/21/2017,0,0,0,0,0,4/19/2017,0,0,0,0,0,0,0,0,0
1/30/2017,256,11CIR,C,PRSE2,3/21/2017,1,6,5.2,1.6,5.5,4/19/2017,1,C1,3,9,05/07/2017,7,5.7,1.9,4.7
1/30/2017,256,11CIR,C,PRSE2,3/21/2017,1,6,4.2,1.4,4.9,4/19/2017,1,C1,4,1,05/07/2017,5,4.9,2.9,5.9
1/30/2017,256,11CIR,C,PRSE2,3/21/2017,1,6,5.8,2,3.7,4/19/2017,1,C1,4,2,05/07/2017,6,5.2,3.3,5
1/30/2017,256,11CIR,C,PRSE2,3/21/2017,1,6,4.4,2.3,3.4,4/19/2017,1,C1,4,4,05/07/2017,7,5.1,1.7,5.4
1/30/2017,256,11CIR,C,PRSE2,3/21/2017,0,0,0,0,0,4/19/2017,0,0,0,0,0,0,0,0,0
1/30/2017,256,11CIR,C,PRSE2,3/21/2017,0,0,0,0,0,4/19/2017,0,0,0,0,0,0,0,0,0
1/30/2017,257,33TIR,T,PRSE2,3/21/2017,1,5,5,3.1,5,4/19/2017,1,C1,4,6,05/07/2017,5,1.1,0.7,5.5
1/30/2017,257,33TIR,T,PRSE2,3/21/2017,1,4,2.3,1.3,2.4,4/19/2017,1,C1,4,7,05/07/2017,5,3.4,2,4.7
1/30/2017,257,33TIR,T,PRSE2,3/21/2017,1,4,2.7,1.7,2.1,4/19/2017,1,C1,4,8,05/07/2017,5,4.2,2,5
1/30/2017,257,33TIR,T,PRSE2,3/21/2017,1,6,4,1.4,2,4/19/2017,0,0,0,0,0,0,0,0,0
1/30/2017,257,33TIR,T,PRSE2,3/21/2017,0,0,0,0,0,4/19/2017,0,0,0,0,0,0,0,0,0
1/30/2017,257,33TIR,T,PRSE2,3/21/2017,0,0,0,0,0,4/19/2017,0,0,0,0,0,0,0,0,0
1/30/2017,258,32C,C,PRSE2,3/21/2017,0,0,0,0,0,4/19/2017,0,0,0,0,0,0,0,0,0
1/30/2017,258,32C,C,PRSE2,3/21/2017,0,0,0,0,0,4/19/2017,0,0,0,0,0,0,0,0,0
1/30/2017,258,32C,C,PRSE2,3/21/2017,0,0,0,0,0,4/19/2017,0,0,0,0,0,0,0,0,0
1/30/2017,258,32C,C,PRSE2,3/21/2017,0,0,0,0,0,4/19/2017,0,0,0,0,0,0,0,0,0
1/30/2017,258,32C,C,PRSE2,3/21/2017,0,0,0,0,0,4/19/2017,0,0,0,0,0,0,0,0,0
1/30/2017,258,32C,C,PRSE2,3/21/2017,0,0,0,0,0,4/19/2017,0,0,0,0,0,0,0,0,0
1/30/2017,259,33C,C,PRSE2,3/21/2017,1,4,2.2,1.1,2,4/19/2017,1,C1,5,2,05/07/2017,7,2.2,1.7,5
1/30/2017,259,33C,C,PRSE2,3/21/2017,1,3,2.6,2,2,4/19/2017,1,C1,5,3,05/07/2017,5,2,1,4
1/30/2017,259,33C,C,PRSE2,3/21/2017,1,4,3,1.8,1.1,4/19/2017,1,FALSE,,,,,,,
1/30/2017,259,33C,C,PRSE2,3/21/2017,0,0,0,0,0,4/19/2017,0,0,,,,,,,
1/30/2017,259,33C,C,PRSE2,3/21/2017,0,0,0,0,0,4/19/2017,0,0,,,,,,,
1/30/2017,259,33C,C,PRSE2,3/21/2017,0,0,0,0,0,4/19/2017,0,0,,,,,,,
1/30/2017,260,22T,T,PRSE2,3/21/2017,1,3,4.9,3.1,6.1,4/19/2017,1,C1,5,6,05/07/2017,6,5,2.1,5.2
1/30/2017,260,22T,T,PRSE2,3/21/2017,1,4,4.7,2.3,4.6,4/19/2017,1,C1,5,8,05/07/2017,6,5.2,2.2,4.6
1/30/2017,260,22T,T,PRSE2,3/21/2017,1,6,5.2,2.1,4.6,4/19/2017,1,FALSE,,,,,,,
1/30/2017,260,22T,T,PRSE2,3/21/2017,1,6,5.7,2.9,4.2,4/19/2017,1,FALSE,,,,,,,
1/30/2017,260,22T,T,PRSE2,3/21/2017,1,4,5.2,2.6,2.1,4/19/2017,1,FALSE,,,,,,,
1/30/2017,260,22T,T,PRSE2,3/21/2017,0,0,0,0,0,4/19/2017,0,0,,,,,,,
1/30/2017,261,21C,C,PRSE2,3/21/2017,1,5,6,2.7,6.1,4/19/2017,1,C1,7,1,05/07/2017,6,5.4,2.6,6.2
1/30/2017,261,21C,C,PRSE2,3/21/2017,1,6,5.6,3,6.1,4/19/2017,1,C1,7,2,05/07/2017,5,3.7,1.7,4.2
1/30/2017,261,21C,C,PRSE2,3/21/2017,1,5,5.6,3.2,5.7,4/19/2017,1,C1,7,3,05/07/2017,6,5.2,1.7,6.3
1/30/2017,261,21C,C,PRSE2,3/21/2017,1,5,5.2,3.2,5.6,4/19/2017,1,C1,7,4,05/07/2017,6,4,1.9,6.2
1/30/2017,261,21C,C,PRSE2,3/21/2017,1,5,4.9,2.6,5.1,4/19/2017,1,C1,7,6,05/07/2017,6,5.1,2.6,6
1/30/2017,261,21C,C,PRSE2,3/21/2017,1,1,1,0.8,0.3,4/19/2017,1,FALSE,,,,,,,
1/30/2017,262,33TIR,T,PRSE2,3/21/2017,1,6,6,3,5.7,4/19/2017,1,C1,7,7,05/07/2017,5,6.2,4.5,6.6
1/30/2017,262,33TIR,T,PRSE2,3/21/2017,1,5,3.5,2.5,5.6,4/19/2017,1,C1,7,8,05/07/2017,7,4.2,2,5.1
1/30/2017,262,33TIR,T,PRSE2,3/21/2017,1,6,7.3,3.5,5.5,4/19/2017,1,C1,7,9,05/07/2017,6,7.2,3.1,6.1
1/30/2017,262,33TIR,T,PRSE2,3/21/2017,1,5,6,2.7,4.2,4/19/2017,1,C1,8,1,05/07/2017,5,6.2,2.2,6.4
1/30/2017,262,33TIR,T,PRSE2,3/21/2017,1,5,3.6,2.1,3.2,4/19/2017,1,FALSE,,,,,,,
1/30/2017,262,33TIR,T,PRSE2,3/21/2017,1,4,3.6,2.7,2.3,4/19/2017,1,FALSE,,,,,,,
1/30/2017,263,22C,C,PRSE2,3/21/2017,1,3,2.7,2.3,3.1,4/19/2017,1,C1,8,3,05/07/2017,7,3.3,2.1,5.2
1/30/2017,263,22C,C,PRSE2,3/21/2017,1,4,3.3,2.6,2.9,4/19/2017,1,C1,8,4,05/07/2017,5,2.9,2.4,5.3
1/30/2017,263,22C,C,PRSE2,3/21/2017,1,5,3.4,2.3,2.6,4/19/2017,1,C1,8,5,05/07/2017,4,2.2,1.4,3.5
1/30/2017,263,22C,C,PRSE2,3/21/2017,1,5,2.9,1.8,2.6,4/19/2017,1,C1,8,6,05/07/2017,5,1.7,1,3.2
1/30/2017,263,22C,C,PRSE2,3/21/2017,1,4,2.7,1.7,2.4,4/19/2017,1,C1,8,7,05/07/2017,7,3.2,1.5,5.6
1/30/2017,263,22C,C,PRSE2,3/21/2017,1,4,3.5,2.2,2.3,4/19/2017,1,C1,8,8,05/07/2017,7,4.3,2.7,5.7
1/30/2017,264,32C,C,PRSE2,3/21/2017,1,6,6.4,3.1,5.9,4/19/2017,1,C1,9,8,05/07/2017,6,2.6,1.1,5.3
1/30/2017,264,32C,C,PRSE2,3/21/2017,1,6,7.5,2.1,5.3,4/19/2017,1,C1,9,6,05/07/2017,6,5.4,2.3,6.7
1/30/2017,264,32C,C,PRSE2,3/21/2017,1,5,7.6,4,5,4/19/2017,1,C1,9,4,05/07/2017,4,2.3,1.4,6.2
1/30/2017,264,32C,C,PRSE2,3/21/2017,1,5,4,1.7,5,4/19/2017,1,C1,9,3,05/07/2017,6,7.4,3.2,6
1/30/2017,264,32C,C,PRSE2,3/21/2017,1,5,4.4,3.1,3.8,4/19/2017,1,C1,9,2,05/07/2017,7,6.9,1.4,5.8
1/30/2017,264,32C,C,PRSE2,3/21/2017,0,0,0,0,0,4/19/2017,0,0,0,0,0,0,0,0,0
1/30/2017,265,33TIR,T,PRSE2,3/21/2017,1,4,4.6,2.6,6,4/19/2017,1,C1,9,9,05/07/2017,5,3.2,1.9,6.8
1/30/2017,265,33TIR,T,PRSE2,3/21/2017,1,6,6.8,3,4.4,4/19/2017,1,R1,1,3,05/07/2017,3,4.9,3.7,5.7
1/30/2017,265,33TIR,T,PRSE2,3/21/2017,1,5,3.7,1.8,3,4/19/2017,1,R1,1,4,05/07/2017,4,6.1,3.4,6
1/30/2017,265,33TIR,T,PRSE2,3/21/2017,1,4,3.2,2.6,2.4,4/19/2017,1,R1,1,9,05/07/2017,4,5.9,2.9,5.9
1/30/2017,265,33TIR,T,PRSE3,3/21/2017,1,4,3.2,2.6,2.4,4/19/2017,1,R1,1,9,05/07/2017,5,5.9,3.2,5
1/30/2017,265,33TIR,T,PRSE2,3/21/2017,0,0,0,0,0,4/19/2017,1,R1,2,1,05/07/2017,6,3.2,2,6.5
1/30/2017,265,33TIR,T,PRSE2,3/21/2017,0,0,0,0,0,4/19/2017,0,0,0,0,0,0,0,0,0
1/30/2017,266,41T,T,PRSE2,3/21/2017,1,5,6.9,3.2,6.1,4/19/2017,1,R1,2,4,05/07/2017,5,1.8,1.2,3.7
1/30/2017,266,41T,T,PRSE2,3/21/2017,1,4,6.1,3.4,4.6,4/19/2017,1,R1,2,7,05/07/2017,6,6.4,1.7,6.2
1/30/2017,266,41T,T,PRSE2,3/21/2017,1,4,6.2,3.5,4.5,4/19/2017,1,R1,2,8,05/07/2017,5,5.7,3.2,6
1/30/2017,266,41T,T,PRSE2,3/21/2017,1,5,5.4,2.6,4.1,4/19/2017,1,R1,3,4,05/07/2017,4,2.7,2,4.4
1/30/2017,266,41T,T,PRSE2,3/21/2017,1,4,4.9,3,3.6,4/19/2017,1,FALSE,,,,,,,
1/30/2017,266,41T,T,PRSE2,3/21/2017,1,4,3.1,2,2.7,4/19/2017,1,FALSE,,,,,,,
1/30/2017,266,41T,T,PRSE2,3/21/2017,1,4,2.9,2,2.6,4/19/2017,1,FALSE,,,,,,,
1/30/2017,267,22C,C,PRSE2,3/21/2017,1,5,6.8,3,5.1,4/19/2017,1,R1,3,7,05/07/2017,6,6,1.6,5.2
1/30/2017,267,22C,C,PRSE2,3/21/2017,1,6,6.2,2.1,4.6,4/19/2017,1,R1,4,5,05/07/2017,4,1.7,1.4,3
1/30/2017,267,22C,C,PRSE2,3/21/2017,1,5,6.1,2.1,4,4/19/2017,1,R1,4,6,05/07/2017,4,1.7,1.3,3
1/30/2017,267,22C,C,PRSE2,3/21/2017,1,4,2.3,2,2.6,4/19/2017,1,R1,4,7,05/07/2017,4,6.2,3.9,4.1
1/30/2017,267,22C,C,PRSE2,3/21/2017,1,4,2.9,2.2,2.3,4/19/2017,1,R1,4,9,05/07/2017,6,7.3,2.4,4.9
1/30/2017,267,22C,C,PRSE2,3/21/2017,0,0,0,0,0,4/19/2017,0,0,0,0,0,0,0,0,0
1/30/2017,268,22T,T,PRSE2,3/21/2017,1,6,10,2.6,5,4/19/2017,1,R1,5,1,05/07/2017,3,7.2,5.2,5
1/30/2017,268,22T,T,PRSE2,3/21/2017,1,4,6.1,4,4.6,4/19/2017,1,R1,5,3,05/07/2017,6,5.2,2.9,5.9
1/30/2017,268,22T,T,PRSE2,3/21/2017,1,4,5.3,3.3,4.3,4/19/2017,1,R1,5,8,05/07/2017,5,5.4,3.9,5.8
1/30/2017,268,22T,T,PRSE2,3/21/2017,0,0,0,0,0,4/19/2017,0,0,0,0,0,0,0,0,0
1/30/2017,268,22T,T,PRSE2,3/21/2017,0,0,0,0,0,4/19/2017,0,0,0,0,0,0,0,0,0
1/30/2017,268,22T,T,PRSE2,3/21/2017,0,0,0,0,0,4/19/2017,0,0,0,0,0,0,0,0,0
1/30/2017,269,11C,C,PRSE2,3/21/2017,1,5,6,3.5,6,4/19/2017,1,R1,6,3,05/07/2017,4,2.7,2.1,2.5
1/30/2017,269,11C,C,PRSE2,3/21/2017,1,6,6.7,3.7,5,4/19/2017,1,R1,6,8,05/07/2017,6,4.6,2.2,5.1
1/30/2017,269,11C,C,PRSE2,3/21/2017,1,4,4.5,2.5,3.8,4/19/2017,1,R1,8,6,05/07/2017,5,5.5,2.4,5.4
1/30/2017,269,11C,C,PRSE2,3/21/2017,1,5,4.7,1.4,3.3,4/19/2017,1,R1,9,5,05/07/2017,4,5.2,4.2,5.3
1/30/2017,269,11C,C,PRSE2,3/21/2017,1,4,2.9,1.6,2.4,4/19/2017,1,R1,9,3,05/07/2017,4,5.2,4.2,4.2
1/30/2017,269,11C,C,PRSE2,3/21/2017,1,3,3.1,2.6,1.4,4/19/2017,1,FALSE,,,,,,,
1/30/2017,270,32CIR,C,PRSE2,3/21/2017,1,5,7.3,2.6,5.6,4/19/2017,1,I1,1,3,05/07/2017,6,7,3,4
1/30/2017,270,32CIR,C,PRSE2,3/21/2017,1,4,6.4,3.6,5.5,4/19/2017,1,I1,1,4,05/07/2017,5,5.2,2.7,5.7
1/30/2017,270,32CIR,C,PRSE2,3/21/2017,1,3,3.7,2.4,5.3,4/19/2017,1,I1,1,5,05/07/2017,4,4.5,2.2,5
1/30/2017,270,32CIR,C,PRSE2,3/21/2017,1,4,6.3,3.1,5.1,4/19/2017,1,I1,2,1,05/07/2017,6,6.7,2.3,5.7
1/30/2017,270,32CIR,C,PRSE2,3/21/2017,1,5,8.3,4.2,5,4/19/2017,1,I1,2,2,05/07/2017,6,7.3,3.1,5.4
1/30/2017,270,32CIR,C,PRSE2,3/21/2017,1,6,7.9,3.2,4.3,4/19/2017,1,I1,2,8,05/07/2017,6,7.3,3.1,5.4
1/31/2017,271,22T,T,PRSE2,3/21/2017,1,4,6.9,5.7,4.7,4/19/2017,1,I1,3,3,05/07/2017,6,4.6,2.6,6.1
1/31/2017,271,22T,T,PRSE2,3/21/2017,1,4,5.3,3.5,4.6,4/19/2017,1,I1,3,9,05/07/2017,5,5.7,3.7,5.7
1/31/2017,271,22T,T,PRSE2,3/21/2017,1,4,4.4,2.6,4.6,4/19/2017,1,I1,4,2,05/07/2017,6,7.4,4.9,6.2
1/31/2017,271,22T,T,PRSE2,3/21/2017,0,0,0,0,0,4/19/2017,0,0,0,0,0,0,0,0,0
1/31/2017,271,22T,T,PRSE2,3/21/2017,0,0,0,0,0,4/19/2017,0,0,0,0,0,0,0,0,0
1/31/2017,271,22T,T,PRSE2,3/21/2017,0,0,0,0,0,4/19/2017,0,0,0,0,0,0,0,0,0
1/31/2017,272,42C,C,PRSE2,3/21/2017,1,4,5.6,3.5,5.3,4/19/2017,1,I1,4,4,05/07/2017,4,5.6,3.4,5.4
1/31/2017,272,42C,C,PRSE2,3/21/2017,1,5,6.8,2.8,4.8,4/19/2017,1,I1,4,5,05/07/2017,6,6.3,4,6.2
1/31/2017,272,42C,C,PRSE2,3/21/2017,1,5,6.9,4.3,4.6,4/19/2017,1,I1,5,1,05/07/2017,5,6.5,2.7,5.7
1/31/2017,272,42C,C,PRSE2,3/21/2017,0,0,0,0,0,4/19/2017,0,0,0,0,0,0,0,0,0
1/31/2017,272,42C,C,PRSE2,3/21/2017,0,0,0,0,0,4/19/2017,0,0,0,0,0,0,0,0,0
1/31/2017,272,42C,C,PRSE2,3/21/2017,0,0,0,0,0,4/19/2017,0,0,0,0,0,0,0,0,0
1/31/2017,273,41C,C,PRSE2,3/21/2017,1,4,6.5,3.4,4.6,4/19/2017,1,I1,5,8,05/07/2017,6,6.3,3.5,5.7
1/31/2017,273,41C,C,PRSE2,3/21/2017,1,5,8.6,5,4.5,4/19/2017,1,I1,6,1,05/07/2017,5,8.2,5.3,4.7
1/31/2017,273,41C,C,PRSE2,3/21/2017,1,5,6,3.1,4.4,4/19/2017,1,I1,6,2,05/07/2017,6,4.2,2.1,3.4
1/31/2017,273,41C,C,PRSE2,3/21/2017,1,4,4.6,3,2.2,4/19/2017,1,I1,7,2,05/07/2017,6,6.2,3.1,5.2
1/31/2017,273,41C,C,PRSE2,3/21/2017,1,4,4.2,2.2,2.2,4/19/2017,0,0,,,,,,,
1/31/2017,273,41C,C,PRSE2,3/21/2017,0,0,0,0,0,4/19/2017,0,0,,,,,,,
1/31/2017,274,23T,T,PRSE2,3/21/2017,1,5,7.4,4.3,5.7,4/19/2017,1,I1,8,1,05/07/2017,5,5.1,2.6,5.6
1/31/2017,274,23T,T,PRSE2,3/21/2017,1,4,5.7,2.6,5.1,4/19/2017,1,I1,8,2,05/07/2017,6,7.9,4.3,5.9
1/31/2017,274,23T,T,PRSE2,3/21/2017,1,4,7.1,2.5,4.2,4/19/2017,1,I1,8,3,05/07/2017,4,7.7,5.6,5.4
1/31/2017,274,23T,T,PRSE2,3/21/2017,0,0,0,0,0,4/19/2017,0,0,0,0,0,0,0,0,0
1/31/2017,274,23T,T,PRSE2,3/21/2017,0,0,0,0,0,4/19/2017,0,0,0,0,0,0,0,0,0
1/31/2017,274,23T,T,PRSE2,3/21/2017,0,0,0,0,0,4/19/2017,0,0,0,0,0,0,0,0,0
1/31/2017,275,11T,T,PRSE2,3/21/2017,1,4,3.7,2.6,3.9,4/19/2017,1,I1,9,3,05/07/2017,5,4.3,2.3,5.9
1/31/2017,275,11T,T,PRSE2,3/21/2017,1,3,2.7,2.3,1.4,4/19/2017,1,I1,9,4,05/07/2017,6,2.2,1.9,3.2
1/31/2017,275,11T,T,PRSE2,3/21/2017,0,0,0,0,0,4/19/2017,0,0,0,0,0,0,0,0,0
1/31/2017,275,11T,T,PRSE2,3/21/2017,0,0,0,0,0,4/19/2017,0,0,0,0,0,0,0,0,0
1/31/2017,275,11T,T,PRSE2,3/21/2017,0,0,0,0,0,4/19/2017,0,0,0,0,0,0,0,0,0
1/31/2017,275,11T,T,PRSE2,3/21/2017,0,0,0,0,0,4/19/2017,0,0,0,0,0,0,0,0,0
1/31/2017,276,32C,C,PRSE2,3/21/2017,1,4,4.6,3,6.4,4/19/2017,1,R2,1,9,05/06/2017,5,4,2.2,8
1/31/2017,276,32C,C,PRSE2,3/21/2017,1,5,7.2,4.1,4.2,4/19/2017,1,R2,1,1,05/06/2017,6,5.4,2.1,5.2
1/31/2017,276,32C,C,PRSE2,3/21/2017,1,6,8.4,2.6,4.1,4/19/2017,1,R2,2,5,05/06/2017,6,5.9,3.2,4.5
1/31/2017,276,32C,C,PRSE2,3/21/2017,1,5,5.8,3.2,3.9,4/19/2017,1,R2,2,6,05/06/2017,6,6.2,1.9,5.6
1/31/2017,276,32C,C,PRSE2,3/21/2017,1,6,6,2.1,3.6,4/19/2017,1,R2,2,9,05/06/2017,4,2,1.6,4.3
1/31/2017,276,32C,C,PRSE2,3/21/2017,1,4,3,2.4,2.9,4/19/2017,1,R2,3,3,05/06/2017,7,8,1.9,4.9
1/31/2017,277,31T,T,PRSE2,3/21/2017,1,4,7.2,3.2,5.5,4/19/2017,1,R2,1,1,05/06/2017,6,6.5,3.9,5.6
1/31/2017,277,31T,T,PRSE2,3/21/2017,1,5,5.7,3.4,4.6,4/19/2017,1,R2,1,3,05/06/2017,6,3.2,1.9,5.7
1/31/2017,277,31T,T,PRSE2,3/21/2017,1,4,4.3,2.7,4.3,4/19/2017,1,R2,1,7,05/06/2017,6,6.7,3.1,6.7
1/31/2017,277,31T,T,PRSE2,3/21/2017,0,0,0,0,0,4/19/2017,0,0,,,,,,,
1/31/2017,277,31T,T,PRSE2,3/21/2017,0,0,0,0,0,4/19/2017,0,0,,,,,,,
1/31/2017,277,31T,T,PRSE2,3/21/2017,0,0,0,0,0,4/19/2017,0,0,,,,,,,
1/31/2017,278,33T,T,PRSE2,3/21/2017,1,5,6.4,3.6,5.3,4/19/2017,1,R2,3,4,05/06/2017,5,4.9,1.6,5.8
1/31/2017,278,33T,T,PRSE2,3/21/2017,1,6,7.1,2.1,4.6,4/19/2017,1,R2,3,7,05/06/2017,6,5.9,3.1,5.2
1/31/2017,278,33T,T,PRSE2,3/21/2017,1,5,6.3,4.2,4.3,4/19/2017,1,R2,3,9,05/06/2017,6,7.4,2.1,4.6
1/31/2017,278,33T,T,PRSE2,3/21/2017,1,5,5.1,1.6,3.4,4/19/2017,1,FALSE,,,,,,,
1/31/2017,278,33T,T,PRSE2,3/21/2017,0,0,0,0,0,4/19/2017,0,0,,,,,,,
1/31/2017,278,33T,T,PRSE2,3/21/2017,0,0,0,0,0,4/19/2017,0,0,,,,,,,
1/31/2017,279,11T,T,PRSE2,3/21/2017,1,4,4.7,2.4,3.2,4/19/2017,1,FALSE,,,,,,,
1/31/2017,279,11T,T,PRSE2,3/21/2017,1,4,3.2,2.7,2.4,4/19/2017,1,FALSE,,,,,,,
1/31/2017,279,11T,T,PRSE2,3/21/2017,0,0,0,0,0,4/19/2017,0,0,,,,,,,
1/31/2017,279,11T,T,PRSE2,3/21/2017,0,0,0,0,0,4/19/2017,0,0,,,,,,,
1/31/2017,279,11T,T,PRSE2,3/21/2017,0,0,0,0,0,4/19/2017,0,0,,,,,,,
1/31/2017,279,11T,T,PRSE2,3/21/2017,0,0,0,0,0,4/19/2017,0,0,,,,,,,
1/31/2017,280,11CIR,C,PRSE2,3/21/2017,1,6,5.9,1.5,4.2,4/19/2017,1,R2,5,1,05/06/2017,7,5.6,1.7,5.2
1/31/2017,280,11CIR,C,PRSE2,3/21/2017,1,5,6.7,3.9,5.7,4/19/2017,1,R2,5,3,05/06/2017,6,6.1,3.1,6.2
1/31/2017,280,11CIR,C,PRSE2,3/21/2017,1,6,5.6,3.3,4.6,4/19/2017,1,R2,5,4,05/06/2017,5,4.7,1.7,5
1/31/2017,280,11CIR,C,PRSE2,3/21/2017,1,6,5.4,2,4,4/19/2017,1,R2,5,5,05/06/2017,7,5.4,2.6,5
1/31/2017,280,11CIR,C,PRSE2,3/21/2017,0,0,0,0,0,4/19/2017,0,0,,,,,,,
1/31/2017,280,11CIR,C,PRSE2,3/21/2017,0,0,0,0,0,4/19/2017,0,0,,,,,,,
1/31/2017,281,33C,C,PRSE2,3/21/2017,1,5,6.3,2.4,5.4,4/19/2017,1,R2,6,1,05/06/2017,4,2.9,1.6,4.5
1/31/2017,281,33C,C,PRSE2,3/21/2017,1,4,3.6,2,3,4/19/2017,1,R2,6,3,05/06/2017,6,5.2,1.9,5
1/31/2017,281,33C,C,PRSE2,3/21/2017,0,0,0,0,0,4/19/2017,0,0,,,,,,,
1/31/2017,281,33C,C,PRSE2,3/21/2017,0,0,0,0,0,4/19/2017,0,0,,,,,,,
1/31/2017,281,33C,C,PRSE2,3/21/2017,0,0,0,0,0,4/19/2017,0,0,,,,,,,
1/31/2017,281,33C,C,PRSE2,3/21/2017,0,0,0,0,0,4/19/2017,0,0,,,,,,,
1/31/2017,282,23T,T,PRSE2,3/21/2017,1,6,7.9,4,6,4/19/2017,1,R2,7,1,05/06/2017,7,8.7,4.4,6.2
1/31/2017,282,23T,T,PRSE2,3/21/2017,0,0,0,0,0,4/19/2017,0,0,,,,,,,
1/31/2017,282,23T,T,PRSE2,3/21/2017,0,0,0,0,0,4/19/2017,0,0,,,,,,,
1/31/2017,282,23T,T,PRSE2,3/21/2017,0,0,0,0,0,4/19/2017,0,0,,,,,,,
1/31/2017,282,23T,T,PRSE2,3/21/2017,0,0,0,0,0,4/19/2017,0,0,,,,,,,
1/31/2017,282,23T,T,PRSE2,3/21/2017,0,0,0,0,0,4/19/2017,0,0,,,,,,,
1/31/2017,283,22T,T,PRSE2,3/21/2017,0,0,0,0,0,4/19/2017,0,0,,,,,,,
1/31/2017,283,22T,T,PRSE2,3/21/2017,0,0,0,0,0,4/19/2017,0,0,,,,,,,
1/31/2017,283,22T,T,PRSE2,3/21/2017,0,0,0,0,0,4/19/2017,0,0,,,,,,,
1/31/2017,283,22T,T,PRSE2,3/21/2017,0,0,0,0,0,4/19/2017,0,0,,,,,,,
1/31/2017,283,22T,T,PRSE2,3/21/2017,0,0,0,0,0,4/19/2017,0,0,,,,,,,
1/31/2017,283,22T,T,PRSE2,3/21/2017,0,0,0,0,0,4/19/2017,0,0,,,,,,,
1/31/2017,284,33T,T,PRSE2,3/21/2017,1,5,5.8,4.2,5.4,4/19/2017,1,R2,7,2,05/06/2017,5,4.9,3.2,5.8
1/31/2017,284,33T,T,PRSE2,3/21/2017,1,5,5.2,3,5.1,4/19/2017,1,R2,7,3,05/06/2017,6,3,1.7,6
1/31/2017,284,33T,T,PRSE2,3/21/2017,1,5,5.5,2.4,5.1,4/19/2017,1,R2,7,7,05/06/2017,6,5,1.9,5.2
1/31/2017,284,33T,T,PRSE2,3/21/2017,0,0,0,0,0,4/19/2017,0,0,,,,,,,
1/31/2017,284,33T,T,PRSE2,3/21/2017,0,0,0,0,0,4/19/2017,0,0,,,,,,,
1/31/2017,284,33T,T,PRSE2,3/21/2017,0,0,0,0,0,4/19/2017,0,0,,,,,,,
1/31/2017,285,33TIR,T,PRSE2,3/21/2017,1,5,6.6,3,5,4/19/2017,1,R2,8,1,05/06/2017,6,4.3,1.7,5.2
1/31/2017,285,33TIR,T,PRSE2,3/21/2017,1,5,5.2,2.9,4.6,4/19/2017,1,R2,8,2,05/06/2017,5,6.5,2.1,5.8
1/31/2017,285,33TIR,T,PRSE2,3/21/2017,0,0,0,0,0,4/19/2017,0,0,0,0,0,0,0,0,0
1/31/2017,285,33TIR,T,PRSE2,3/21/2017,0,0,0,0,0,4/19/2017,0,0,0,0,0,0,0,0,0
1/31/2017,285,33TIR,T,PRSE2,3/21/2017,0,0,0,0,0,4/19/2017,0,0,0,0,0,0,0,0,0
1/31/2017,285,33TIR,T,PRSE2,3/21/2017,0,0,0,0,0,4/19/2017,0,0,0,0,0,0,0,0,0
1/31/2017,286,42T,T,PRSE2,3/21/2017,1,5,6.2,3.1,4.4,4/19/2017,1,R2,8,3,05/06/2017,5,3.2,1.7,5
1/31/2017,286,42T,T,PRSE2,3/21/2017,1,4,4.6,2,3,4/19/2017,1,R2,8,4,05/06/2017,6,5.4,2.3,4.9
1/31/2017,286,42T,T,PRSE2,3/21/2017,0,0,0,0,0,4/19/2017,0,0,0,0,0,0,0,0,0
1/31/2017,286,42T,T,PRSE2,3/21/2017,0,0,0,0,0,4/19/2017,0,0,0,0,0,0,0,0,0
1/31/2017,286,42T,T,PRSE2,3/21/2017,0,0,0,0,0,4/19/2017,0,0,0,0,0,0,0,0,0
1/31/2017,286,42T,T,PRSE2,3/21/2017,0,0,0,0,0,4/19/2017,0,0,0,0,0,0,0,0,0
1/31/2017,287,22T,T,PRSE2,3/21/2017,0,0,0,0,0,4/19/2017,0,0,0,0,0,0,0,0,0
1/31/2017,287,22T,T,PRSE2,3/21/2017,0,0,0,0,0,4/19/2017,0,0,0,0,0,0,0,0,0
1/31/2017,287,22T,T,PRSE2,3/21/2017,0,0,0,0,0,4/19/2017,0,0,0,0,0,0,0,0,0
1/31/2017,287,22T,T,PRSE2,3/21/2017,0,0,0,0,0,4/19/2017,0,0,0,0,0,0,0,0,0
1/31/2017,287,22T,T,PRSE2,3/21/2017,0,0,0,0,0,4/19/2017,0,0,0,0,0,0,0,0,0
1/31/2017,287,22T,T,PRSE2,3/21/2017,0,0,0,0,0,4/19/2017,0,0,0,0,0,0,0,0,0
1/31/2017,288,42C,C,PRSE2,3/21/2017,1,6,5.8,2,4.1,4/19/2017,1,R2,8,5,05/06/2017,6,4.6,0.7,5.2
1/31/2017,288,42C,C,PRSE2,3/21/2017,1,4,3.5,1.4,3.1,4/19/2017,1,R2,8,8,05/06/2017,5,5.4,1.9,4.7
1/31/2017,288,42C,C,PRSE2,3/21/2017,1,4,3,2.1,2.1,4/19/2017,1,FALSE,,,,,,,
1/31/2017,288,42C,C,PRSE2,3/21/2017,0,0,0,0,0,4/19/2017,0,0,,,,,,,
1/31/2017,288,42C,C,PRSE2,3/21/2017,0,0,0,0,0,4/19/2017,0,0,,,,,,,
1/31/2017,288,42C,C,PRSE2,3/21/2017,0,0,0,0,0,4/19/2017,0,0,,,,,,,
1/31/2017,289,33TIR,T,PRSE2,3/21/2017,1,4,3.2,1.6,4.6,4/19/2017,1,R2,9,9,05/06/2017,6,2,0.7,5
1/31/2017,289,33TIR,T,PRSE2,3/21/2017,1,5,6.7,4,4.6,4/19/2017,1,R2,9,8,05/06/2017,5,5,2.1,5
1/31/2017,289,33TIR,T,PRSE2,3/21/2017,1,5,6.8,2.7,4.3,4/19/2017,1,R2,9,7,05/06/2017,6,6.2,1.9,4.7
1/31/2017,289,33TIR,T,PRSE2,3/21/2017,1,4,3.1,1,3.4,4/19/2017,1,R2,9,6,05/06/2017,5,2.1,1.7,4.5
1/31/2017,289,33TIR,T,PRSE2,3/21/2017,1,5,3.5,0.9,1.9,4/19/2017,1,R2,9,4,05/06/2017,5,2.9,1.7,4.3
1/31/2017,289,33TIR,T,PRSE2,3/21/2017,0,0,0,0,0,4/19/2017,0,0,,,,,,,
1/31/2017,290,32TIR,T,PRSE2,3/21/2017,1,5,6.7,2.6,5,4/19/2017,1,C2,1,2,05/06/2017,6,7.2,2.9,5.7
1/31/2017,290,32TIR,T,PRSE2,3/21/2017,0,0,0,0,0,4/19/2017,0,0,,,,,,,
1/31/2017,290,32TIR,T,PRSE2,3/21/2017,0,0,0,0,0,4/19/2017,0,0,,,,,,,
1/31/2017,290,32TIR,T,PRSE2,3/21/2017,0,0,0,0,0,4/19/2017,0,0,,,,,,,
1/31/2017,290,32TIR,T,PRSE2,3/21/2017,0,0,0,0,0,4/19/2017,0,0,,,,,,,
1/31/2017,290,32TIR,T,PRSE2,3/21/2017,0,0,0,0,0,4/19/2017,0,0,,,,,,,
1/31/2017,291,31T,T,PRSE2,3/21/2017,1,4,4.6,2.4,3.6,4/19/2017,0,0,,,,,,,
1/31/2017,291,31T,T,PRSE2,3/21/2017,0,0,0,0,0,4/19/2017,0,0,,,,,,,
1/31/2017,291,31T,T,PRSE2,3/21/2017,0,0,0,0,0,4/19/2017,0,0,,,,,,,
1/31/2017,291,31T,T,PRSE2,3/21/2017,0,0,0,0,0,4/19/2017,0,0,,,,,,,
1/31/2017,291,31T,T,PRSE2,3/21/2017,0,0,0,0,0,4/19/2017,0,0,,,,,,,
1/31/2017,291,31T,T,PRSE2,3/21/2017,0,0,0,0,0,4/19/2017,0,0,,,,,,,
1/31/2017,292,42C,C,PRSE2,3/21/2017,1,5,5.5,2.3,4.4,4/19/2017,1,C2,1,3,05/06/2017,5,6.4,2.3,5
1/31/2017,292,42C,C,PRSE2,3/21/2017,1,3,4,2.4,3.6,4/19/2017,1,FALSE,,,,,,,
1/31/2017,292,42C,C,PRSE2,3/21/2017,0,0,0,0,0,4/19/2017,0,0,,,,,,,
1/31/2017,292,42C,C,PRSE2,3/21/2017,0,0,0,0,0,4/19/2017,0,0,,,,,,,
1/31/2017,292,42C,C,PRSE2,3/21/2017,0,0,0,0,0,4/19/2017,0,0,,,,,,,
1/31/2017,292,42C,C,PRSE2,3/21/2017,0,0,0,0,0,4/19/2017,0,0,,,,,,,
1/31/2017,293,22T,T,PRSE2,3/21/2017,1,4,5.2,3.1,3.6,4/19/2017,0,0,,,,,,,
1/31/2017,293,22T,T,PRSE2,3/21/2017,0,0,0,0,0,4/19/2017,0,0,,,,,,,
1/31/2017,293,22T,T,PRSE2,3/21/2017,0,0,0,0,0,4/19/2017,0,0,,,,,,,
1/31/2017,293,22T,T,PRSE2,3/21/2017,0,0,0,0,0,4/19/2017,0,0,,,,,,,
1/31/2017,293,22T,T,PRSE2,3/21/2017,0,0,0,0,0,4/19/2017,0,0,,,,,,,
1/31/2017,293,22T,T,PRSE2,3/21/2017,0,0,0,0,0,4/19/2017,0,0,,,,,,,
1/31/2017,294,31T,T,PRSE2,3/21/2017,1,5,3.2,2.7,1.9,4/19/2017,1,C2,1,4,05/06/2017,4,2.2,2,3.2
1/31/2017,294,31T,T,PRSE2,3/21/2017,0,0,0,0,0,4/19/2017,0,0,,,,,,,
1/31/2017,294,31T,T,PRSE2,3/21/2017,0,0,0,0,0,4/19/2017,0,0,,,,,,,
1/31/2017,294,31T,T,PRSE2,3/21/2017,0,0,0,0,0,4/19/2017,0,0,,,,,,,
1/31/2017,294,31T,T,PRSE2,3/21/2017,0,0,0,0,0,4/19/2017,0,0,,,,,,,
1/31/2017,294,31T,T,PRSE2,3/21/2017,0,0,0,0,0,4/19/2017,0,0,,,,,,,
1/31/2017,295,22C,C,PRSE2,3/21/2017,1,5,5.7,2.6,3.2,4/19/2017,0,0,,,,,,,
1/31/2017,295,22C,C,PRSE2,3/21/2017,1,5,3.9,2.2,3,4/19/2017,0,0,,,,,,,
1/31/2017,295,22C,C,PRSE2,3/21/2017,0,0,0,0,0,4/19/2017,0,0,,,,,,,
1/31/2017,295,22C,C,PRSE2,3/21/2017,0,0,0,0,0,4/19/2017,0,0,,,,,,,
1/31/2017,295,22C,C,PRSE2,3/21/2017,0,0,0,0,0,4/19/2017,0,0,,,,,,,
1/31/2017,295,22C,C,PRSE2,3/21/2017,0,0,0,0,0,4/19/2017,0,0,,,,,,,
1/31/2017,296,22C,C,PRSE2,3/21/2017,0,0,0,0,0,4/19/2017,0,0,,,,,,,
1/31/2017,296,22C,C,PRSE2,3/21/2017,0,0,0,0,0,4/19/2017,0,0,,,,,,,
1/31/2017,296,22C,C,PRSE2,3/21/2017,0,0,0,0,0,4/19/2017,0,0,,,,,,,
1/31/2017,296,22C,C,PRSE2,3/21/2017,0,0,0,0,0,4/19/2017,0,0,,,,,,,
1/31/2017,296,22C,C,PRSE2,3/21/2017,0,0,0,0,0,4/19/2017,0,0,,,,,,,
1/31/2017,296,22C,C,PRSE2,3/21/2017,0,0,0,0,0,4/19/2017,0,0,,,,,,,
1/31/2017,297,21C,C,PRSE2,3/21/2017,1,5,5.8,3,3.6,4/19/2017,0,0,,,,,,,
1/31/2017,297,21C,C,PRSE2,3/21/2017,1,5,4.9,2.4,3.3,4/19/2017,0,0,,,,,,,
1/31/2017,297,21C,C,PRSE2,3/21/2017,1,4,5.1,3,3.1,4/19/2017,0,0,,,,,,,
1/31/2017,297,21C,C,PRSE2,3/21/2017,1,5,5.1,3.4,2.9,4/19/2017,0,0,,,,,,,
1/31/2017,297,21C,C,PRSE2,3/21/2017,1,5,5.4,2.9,2.6,4/19/2017,0,0,,,,,,,
1/31/2017,297,21C,C,PRSE2,3/21/2017,1,5,3.7,1.8,1.9,4/19/2017,0,0,,,,,,,
1/31/2017,298,11T,T,PRSE2,3/21/2017,1,4,5,3.4,2.4,4/19/2017,0,0,,,,,,,
1/31/2017,298,11T,T,PRSE2,3/21/2017,0,0,0,0,0,4/19/2017,0,0,,,,,,,
1/31/2017,298,11T,T,PRSE2,3/21/2017,0,0,0,0,0,4/19/2017,0,0,,,,,,,
1/31/2017,298,11T,T,PRSE2,3/21/2017,0,0,0,0,0,4/19/2017,0,0,,,,,,,
1/31/2017,298,11T,T,PRSE2,3/21/2017,0,0,0,0,0,4/19/2017,0,0,,,,,,,
1/31/2017,298,11T,T,PRSE2,3/21/2017,0,0,0,0,0,4/19/2017,0,0,,,,,,,
1/31/2017,299,32CIR,C,PRSE2,3/21/2017,1,5,6.2,3.2,4,4/19/2017,1,C2,1,7,05/06/2017,4,2.5,2,2.5
1/31/2017,299,32CIR,C,PRSE2,3/21/2017,1,5,5.2,3,3.2,4/19/2017,1,FALSE,,,,,,,
1/31/2017,299,32CIR,C,PRSE2,3/21/2017,1,4,2.9,2.5,3,4/19/2017,1,FALSE,,,,,,,
1/31/2017,299,32CIR,C,PRSE2,3/21/2017,1,4,2.6,2,2.4,4/19/2017,1,FALSE,,,,,,,
1/31/2017,299,32CIR,C,PRSE2,3/21/2017,0,0,0,0,0,4/19/2017,0,0,,,,,,,
1/31/2017,299,32CIR,C,PRSE2,3/21/2017,0,0,0,0,0,4/19/2017,0,0,,,,,,,
1/31/2017,300,23T,T,PRSE2,3/21/2017,0,0,0,0,0,4/19/2017,0,0,,,,,,,
1/31/2017,300,23T,T,PRSE2,3/21/2017,0,0,0,0,0,4/19/2017,0,0,,,,,,,
1/31/2017,300,23T,T,PRSE2,3/21/2017,0,0,0,0,0,4/19/2017,0,0,,,,,,,
1/31/2017,300,23T,T,PRSE2,3/21/2017,0,0,0,0,0,4/19/2017,0,0,,,,,,,
1/31/2017,300,23T,T,PRSE2,3/21/2017,0,0,0,0,0,4/19/2017,0,0,,,,,,,
1/31/2017,300,23T,T,PRSE2,3/21/2017,0,0,0,0,0,4/19/2017,0,0,,,,,,,
1/31/2017,301,42C,C,PRSE2,3/21/2017,1,6,5.1,3,3,4/19/2017,0,0,,,,,,,
1/31/2017,301,42C,C,PRSE2,3/21/2017,0,0,0,0,0,4/19/2017,0,0,,,,,,,
1/31/2017,301,42C,C,PRSE2,3/21/2017,0,0,0,0,0,4/19/2017,0,0,,,,,,,
1/31/2017,301,42C,C,PRSE2,3/21/2017,0,0,0,0,0,4/19/2017,0,0,,,,,,,
1/31/2017,301,42C,C,PRSE2,3/21/2017,0,0,0,0,0,4/19/2017,0,0,,,,,,,
1/31/2017,301,42C,C,PRSE2,3/21/2017,0,0,0,0,0,4/19/2017,0,0,,,,,,,
1/31/2017,302,41C,C,PRSE2,3/21/2017,1,5,4.8,1.5,3.8,4/19/2017,1,C2,2,1,05/06/2017,7,5,1.7,4.6
1/31/2017,302,41C,C,PRSE2,3/21/2017,0,0,0,0,0,4/19/2017,0,0,,,,,,,
1/31/2017,302,41C,C,PRSE2,3/21/2017,0,0,0,0,0,4/19/2017,0,0,,,,,,,
1/31/2017,302,41C,C,PRSE2,3/21/2017,0,0,0,0,0,4/19/2017,0,0,,,,,,,
1/31/2017,302,41C,C,PRSE2,3/21/2017,0,0,0,0,0,4/19/2017,0,0,,,,,,,
1/31/2017,302,41C,C,PRSE2,3/21/2017,0,0,0,0,0,4/19/2017,0,0,,,,,,,
1/31/2017,303,23T,T,PRSE2,3/21/2017,1,5,5.4,3.5,5.2,4/19/2017,1,C2,2,2,05/06/2017,8,4,1.8,4.2
1/31/2017,303,23T,T,PRSE2,3/21/2017,1,6,6.3,3.2,4.9,4/19/2017,1,C2,2,3,05/06/2017,3,5.1,4.9,5.2
1/31/2017,303,23T,T,PRSE2,3/21/2017,1,6,5.8,3.2,4.6,4/19/2017,1,C2,2,6,05/06/2017,6,6.3,3,5.7
1/31/2017,303,23T,T,PRSE2,3/21/2017,1,6,3.7,0.8,2.6,4/19/2017,1,C2,2,7,05/06/2017,6,5.7,2.6,5.2
1/31/2017,303,23T,T,PRSE2,3/21/2017,0,0,0,0,0,4/19/2017,0,0,,,,,,,
1/31/2017,303,23T,T,PRSE2,3/21/2017,0,0,0,0,0,4/19/2017,0,0,,,,,,,
1/31/2017,304,11T,T,PRSE2,3/21/2017,1,6,5.3,0.9,4,4/19/2017,1,C2,3,2,05/06/2017,5,5.2,1.7,5.5
1/31/2017,304,11T,T,PRSE2,3/21/2017,1,3,2.6,2.4,2.1,4/19/2017,1,C2,3,4,05/06/2017,5,1.9,1,5.1
1/31/2017,304,11T,T,PRSE2,3/21/2017,0,0,0,0,0,4/19/2017,0,0,,,,,,,
1/31/2017,304,11T,T,PRSE2,3/21/2017,0,0,0,0,0,4/19/2017,0,0,,,,,,,
1/31/2017,304,11T,T,PRSE2,3/21/2017,0,0,0,0,0,4/19/2017,0,0,,,,,,,
1/31/2017,304,11T,T,PRSE2,3/21/2017,0,0,0,0,0,4/19/2017,0,0,,,,,,,
1/31/2017,305,32C,C,PRSE2,3/21/2017,1,5,5.6,3,3.8,4/19/2017,1,C2,3,5,05/06/2017,6,4.9,2.1,6.1
1/31/2017,305,32C,C,PRSE2,3/21/2017,1,4,4.5,2,3.3,4/19/2017,1,C2,3,8,05/06/2017,4,5.2,3.4,4
1/31/2017,305,32C,C,PRSE2,3/21/2017,0,0,0,0,0,4/19/2017,0,0,,,,,,,
1/31/2017,305,32C,C,PRSE2,3/21/2017,0,0,0,0,0,4/19/2017,0,0,,,,,,,
1/31/2017,305,32C,C,PRSE2,3/21/2017,0,0,0,0,0,4/19/2017,0,0,,,,,,,
1/31/2017,305,32C,C,PRSE2,3/21/2017,0,0,0,0,0,4/19/2017,0,0,,,,,,,
1/31/2017,306,31T,T,PRSE2,3/21/2017,1,5,6.3,3.4,5.6,4/19/2017,1,C2,4,1,05/06/2017,5,6.4,4.2,6
1/31/2017,306,31T,T,PRSE2,3/21/2017,1,5,5.7,3.4,5.5,4/19/2017,1,C2,4,2,05/06/2017,4,5.6,5,6.4
1/31/2017,306,31T,T,PRSE2,3/21/2017,1,4,4.6,2.5,4.6,4/19/2017,1,C2,4,3,05/06/2017,3,3.9,3,4.2
1/31/2017,306,31T,T,PRSE2,3/21/2017,1,4,7.4,0.6,4.4,4/19/2017,1,C2,4,7,05/06/2017,6,4.4,2.2,5.7
1/31/2017,306,31T,T,PRSE2,3/21/2017,0,0,0,0,0,4/19/2017,0,0,,,,,,,
1/31/2017,306,31T,T,PRSE2,3/21/2017,0,0,0,0,0,4/19/2017,0,0,,,,,,,
1/31/2017,307,33T,T,PRSE2,3/21/2017,1,4,3.4,2.5,2.7,4/19/2017,1,C2,4,9,05/06/2017,6,2,1.6,2.7
1/31/2017,307,33T,T,PRSE2,3/21/2017,0,0,0,0,0,4/19/2017,0,0,,,,,,,
1/31/2017,307,33T,T,PRSE2,3/21/2017,0,0,0,0,0,4/19/2017,0,0,,,,,,,
1/31/2017,307,33T,T,PRSE2,3/21/2017,0,0,0,0,0,4/19/2017,0,0,,,,,,,
1/31/2017,307,33T,T,PRSE2,3/21/2017,0,0,0,0,0,4/19/2017,0,0,,,,,,,
1/31/2017,307,33T,T,PRSE2,3/21/2017,0,0,0,0,0,4/19/2017,0,0,,,,,,,
1/31/2017,308,11T,T,PRSE2,3/21/2017,0,0,0,0,0,4/19/2017,0,0,,,,,,,
1/31/2017,308,11T,T,PRSE2,3/21/2017,0,0,0,0,0,4/19/2017,0,0,,,,,,,
1/31/2017,308,11T,T,PRSE2,3/21/2017,0,0,0,0,0,4/19/2017,0,0,,,,,,,
1/31/2017,308,11T,T,PRSE2,3/21/2017,0,0,0,0,0,4/19/2017,0,0,,,,,,,
1/31/2017,308,11T,T,PRSE2,3/21/2017,0,0,0,0,0,4/19/2017,0,0,,,,,,,
1/31/2017,308,11T,T,PRSE2,3/21/2017,0,0,0,0,0,4/19/2017,0,0,,,,,,,
1/31/2017,309,11CIR,C,PRSE2,3/21/2017,1,5,4.4,2.2,5.1,4/19/2017,1,C2,5,2,05/06/2017,5,3.3,2.7,7
1/31/2017,309,11CIR,C,PRSE2,3/21/2017,1,5,6.2,2.5,4.7,4/19/2017,1,C2,5,4,05/06/2017,6,7.2,1.4,6
1/31/2017,309,11CIR,C,PRSE2,3/21/2017,1,5,8.3,3.3,4.1,4/19/2017,1,C2,5,5,05/06/2017,6,6,2,5.5
1/31/2017,309,11CIR,C,PRSE2,3/21/2017,1,4,3.2,1.6,2,4/19/2017,1,C2,5,7,05/06/2017,4,2.4,1.6,2.3
1/31/2017,309,11CIR,C,PRSE2,3/21/2017,1,5,2.7,0.6,1.8,4/19/2017,1,C2,5,9,05/06/2017,6,4.6,1.7,6.7
1/31/2017,309,11CIR,C,PRSE2,3/21/2017,1,4,2,1.3,1.4,4/19/2017,1,C2,7,1,05/06/2017,5,3.4,1.7,5
2/11/2017,310,33C,C,PRSE2,3/21/2017,1,5,7,4,4.8,4/19/2017,1,C2,6,1,05/06/2017,7,6.2,1.7,5
2/11/2017,310,33C,C,PRSE2,3/21/2017,1,5,7.1,3.1,4.6,4/19/2017,1,C2,6,2,05/06/2017,6,6.2,2.1,5.2
2/11/2017,310,33C,C,PRSE2,3/21/2017,1,6,7.4,2.6,4,4/19/2017,1,C2,6,5,05/06/2017,6,6.4,2.1,6.4
2/11/2017,310,33C,C,PRSE2,3/21/2017,1,5,6.8,3.3,3.5,4/19/2017,1,C2,6,7,05/06/2017,5,2.9,0.7,4
2/11/2017,310,33C,C,PRSE2,3/21/2017,1,4,4,0.6,3.3,4/19/2017,1,C2,6,8,05/06/2017,5,5.8,3,5.2
2/11/2017,310,33C,C,PRSE2,3/21/2017,1,3,3.7,1.6,1.7,4/19/2017,1,C2,6,8,05/06/2017,5,3.4,2.4,4.3
2/11/2017,311,23T,T,PRSE2,3/21/2017,1,5,7,3.6,5.7,4/19/2017,1,C2,7,2,05/06/2017,7,4.4,1.9,5.7
2/11/2017,311,23T,T,PRSE2,3/21/2017,1,4,5.4,2.6,5,4/19/2017,1,C2,7,6,05/06/2017,6,5.4,2,4.9
2/11/2017,311,23T,T,PRSE2,3/21/2017,1,5,6.1,2.5,4.9,4/19/2017,1,C2,8,2,05/06/2017,6,16,2.1,6.2
2/11/2017,311,23T,T,PRSE2,3/21/2017,1,6,5.1,2.6,4.7,4/19/2017,1,C2,8,6,05/06/2017,5,4.2,1.9,6.2
2/11/2017,311,23T,T,PRSE2,3/21/2017,1,6,5.4,2.2,4.1,4/19/2017,1,C2,8,7,05/06/2017,6,6.2,2.4,5.6
2/11/2017,311,23T,T,PRSE2,3/21/2017,1,6,5.6,1.4,3.8,4/19/2017,1,C2,9,3,05/06/2017,5,3.7,1.7,6.5
2/11/2017,312,22T,T,PRSE2,3/21/2017,1,5,6,2,4,4/19/2017,1,C2,9,6,05/06/2017,4,6.1,3.6,7
2/11/2017,312,22T,T,PRSE2,3/21/2017,1,4,6,4.3,3.2,4/19/2017,1,FALSE,,,,,,,
2/11/2017,312,22T,T,PRSE2,3/21/2017,0,0,0,0,0,4/19/2017,0,0,,,,,,,
2/11/2017,312,22T,T,PRSE2,3/21/2017,0,0,0,0,0,4/19/2017,0,0,,,,,,,
2/11/2017,312,22T,T,PRSE2,3/21/2017,0,0,0,0,0,4/19/2017,0,0,,,,,,,
2/11/2017,312,22T,T,PRSE2,3/21/2017,0,0,0,0,0,4/19/2017,0,0,,,,,,,
2/11/2017,313,33TIR,T,PRSE2,3/21/2017,1,5,6,3,6.2,4/19/2017,1,I2,1,8,05/05/2017,4,6.2,5.6,3.3
2/11/2017,313,33TIR,T,PRSE2,3/21/2017,1,6,6.9,2.9,5.2,4/19/2017,1,I2,1,7,05/05/2017,7,7.6,3.6,5.6
2/11/2017,313,33TIR,T,PRSE2,3/21/2017,1,5,7.6,2.9,4.2,4/19/2017,1,I2,1,6,05/05/2017,6,7.2,3,4.9
2/11/2017,313,33TIR,T,PRSE2,3/21/2017,1,4,5.4,3.2,3.3,4/19/2017,1,C2,9,8,05/06/2017,6,5.4,2.6,7.7
2/11/2017,313,33TIR,T,PRSE2,3/21/2017,1,4,5.9,3.4,2.7,4/19/2017,0,0,0,0,0,0,0,0,0
2/11/2017,313,33TIR,T,PRSE2,3/21/2017,0,0,0,0,0,4/19/2017,0,0,0,0,0,0,0,0,0
2/11/2017,314,33TIR,T,PRSE2,3/21/2017,1,5,7.4,2.5,5.7,4/19/2017,1,I2,1,5,05/05/2017,6,7.4,3.8,5.3
2/11/2017,314,33TIR,T,PRSE2,3/21/2017,1,6,6.9,1.5,5.2,4/19/2017,1,I2,1,4,05/05/2017,6,5.8,2.7,5.5
2/11/2017,314,33TIR,T,PRSE2,3/21/2017,1,6,5.4,2.9,5,4/19/2017,1,I2,1,3,05/05/2017,6,7,2.5,6.4
2/11/2017,314,33TIR,T,PRSE2,3/21/2017,1,6,7.9,2.7,5,4/19/2017,1,I2,2,3,05/05/2017,6,7.8,2.4,5.5
2/11/2017,314,33TIR,T,PRSE2,3/21/2017,1,4,6,2.6,4.6,4/19/2017,1,I2,2,4,05/05/2017,6,7.1,1.9,6
2/11/2017,314,33TIR,T,PRSE2,3/21/2017,1,5,6.8,2.2,4.6,4/19/2017,1,I2,2,5,05/05/2017,6,7.9,2.4,4.6
2/11/2017,315,42T,T,PRSE2,3/21/2017,1,5,5.6,2.4,5.1,4/19/2017,1,I2,3,9,05/05/2017,6,7.6,3.4,5.2
2/11/2017,315,42T,T,PRSE2,3/21/2017,1,6,6.8,2.3,5,4/19/2017,1,I2,3,7,05/05/2017,6,6.4,2.7,5
2/11/2017,315,42T,T,PRSE2,3/21/2017,1,5,6.6,2.1,4.6,4/19/2017,1,I2,3,6,05/05/2017,6,5.5,1.9,5
2/11/2017,315,42T,T,PRSE2,3/21/2017,1,6,7.2,3,4.2,4/19/2017,1,I2,3,5,05/05/2017,6,7,1.6,4.3
2/11/2017,315,42T,T,PRSE2,3/21/2017,1,5,6.4,2.4,4,4/19/2017,1,I2,3,3,05/05/2017,5,4.6,2.5,6.2
2/11/2017,315,42T,T,PRSE2,3/21/2017,1,4,3.6,2.2,3,4/19/2017,1,I2,3,1,05/05/2017,6,7.4,2.5,4.7
2/11/2017,316,22T,T,PRSE2,3/21/2017,1,5,5.8,3,4.9,4/19/2017,1,I2,4,2,05/05/2017,5,5.5,3,4.5
2/11/2017,316,22T,T,PRSE2,3/21/2017,1,5,4.6,2.9,4.3,4/19/2017,1,I2,4,3,05/05/2017,2,5,4.9,4.5
2/11/2017,316,22T,T,PRSE2,3/21/2017,0,0,0,0,0,4/19/2017,0,0,0,0,0,0,0,0,0
2/11/2017,316,22T,T,PRSE2,3/21/2017,0,0,0,0,0,4/19/2017,0,0,0,0,0,0,0,0,0
2/11/2017,316,22T,T,PRSE2,3/21/2017,0,0,0,0,0,4/19/2017,0,0,0,0,0,0,0,0,0
2/11/2017,316,22T,T,PRSE2,3/21/2017,0,0,0,0,0,4/19/2017,0,0,0,0,0,0,0,0,0
2/11/2017,317,42C,C,PRSE2,3/21/2017,1,4,6.5,3.6,5.2,4/19/2017,1,I2,5,1,05/05/2017,6,4.6,2.6,5
2/11/2017,317,42C,C,PRSE2,3/21/2017,1,5,5,2.2,5,4/19/2017,1,I2,4,8,05/05/2017,6,5,1.4,5.4
2/11/2017,317,42C,C,PRSE2,3/21/2017,1,4,4.6,2.1,4.3,4/19/2017,1,I2,4,6,05/05/2017,5,4.9,1.4,6.1
2/11/2017,317,42C,C,PRSE2,3/21/2017,1,4,6.2,2.6,2.8,4/19/2017,1,I2,4,5,05/05/2017,5,6.5,3.7,5.5
2/11/2017,317,42C,C,PRSE2,3/21/2017,1,3,3.3,3.2,2.6,4/19/2017,0,0,0,0,0,0,0,0,0
2/11/2017,317,42C,C,PRSE2,3/21/2017,1,4,3.6,1.9,2.2,4/19/2017,0,0,0,0,0,0,0,0,0
2/11/2017,318,33TIR,T,PRSE2,3/21/2017,1,5,7.1,2.1,5.9,4/19/2017,1,I2,6,8,05/05/2017,6,7.3,3.4,4
2/11/2017,318,33TIR,T,PRSE2,3/21/2017,1,5,6.7,2.4,5.2,4/19/2017,1,I2,6,7,05/05/2017,5,4.7,3,4.4
2/11/2017,318,33TIR,T,PRSE2,3/21/2017,1,5,6.4,2.9,5,4/19/2017,1,I2,7,5,05/05/2017,5,8.1,4.2,5.3
2/11/2017,318,33TIR,T,PRSE2,3/21/2017,1,4,4.4,2.7,4.3,4/19/2017,1,I2,7,6,05/05/2017,6,8.5,3.2,6.5
2/11/2017,318,33TIR,T,PRSE2,3/21/2017,1,4,4.5,2.3,2.8,4/19/2017,0,0,0,0,0,0,0,0,0
2/11/2017,318,33TIR,T,PRSE2,3/21/2017,0,0,0,0,0,4/19/2017,0,0,0,0,0,0,0,0,0
2/11/2017,319,23T,T,PRSE2,3/21/2017,1,4,7,3.2,5.4,4/19/2017,1,I2,8,7,05/05/2017,4,6.8,5.4,4.4
2/11/2017,319,23T,T,PRSE2,3/21/2017,1,5,7.2,2.4,5.2,4/19/2017,1,I2,9,3,05/04/2017,6,7.8,3.4,6
2/11/2017,319,23T,T,PRSE2,3/21/2017,1,4,7,2.7,4.6,4/19/2017,1,I2,9,9,05/04/2017,6,7.4,4,6.1
2/11/2017,319,23T,T,PRSE2,3/21/2017,1,5,6.7,2.7,3.9,4/19/2017,1,I2,6,3,05/04/2017,6,8.2,3.4,5.6
2/11/2017,319,23T,T,PRSE2,3/21/2017,1,4,5.3,2.3,3.2,4/19/2017,0,0,0,0,0,0,0,0,0
2/11/2017,319,23T,T,PRSE2,3/21/2017,0,0,0,0,0,4/19/2017,0,0,0,0,0,0,0,0,0
2/11/2017,320,42C,C,PRSE2,3/21/2017,1,6,7.6,2.6,5.6,4/19/2017,1,I2,7,2,05/04/2017,6,5,1,4.5
2/11/2017,320,42C,C,PRSE2,3/21/2017,1,6,7.6,2.4,5,4/19/2017,1,I2,8,2,05/04/2017,6,6.5,2.5,5.1
2/11/2017,320,42C,C,PRSE2,3/21/2017,1,5,6.7,1.7,4.7,4/19/2017,1,I2,9,3,05/04/2017,6,8.4,3.4,5.7
2/11/2017,320,42C,C,PRSE2,3/21/2017,1,6,7.2,2.7,4.2,4/19/2017,1,I2,8,3,05/04/2017,6,8.1,2.4,5.5
2/11/2017,320,42C,C,PRSE2,3/21/2017,1,4,5.8,1.7,4,4/19/2017,0,0,0,0,0,0,0,0,0
2/11/2017,320,42C,C,PRSE2,3/21/2017,0,0,0,0,0,4/19/2017,0,0,0,0,0,0,0,0,0
2/11/2017,321,22T,T,PRSE2,3/21/2017,1,4,2.9,1.8,1,4/19/2017,0,0,0,0,0,0,0,0,0
2/11/2017,321,22T,T,PRSE2,3/21/2017,0,0,0,0,0,4/19/2017,0,0,0,0,0,0,0,0,0
2/11/2017,321,22T,T,PRSE2,3/21/2017,0,0,0,0,0,4/19/2017,0,0,0,0,0,0,0,0,0
2/11/2017,321,22T,T,PRSE2,3/21/2017,0,0,0,0,0,4/19/2017,0,0,0,0,0,0,0,0,0
2/11/2017,321,22T,T,PRSE2,3/21/2017,0,0,0,0,0,4/19/2017,0,0,0,0,0,0,0,0,0
2/11/2017,321,22T,T,PRSE2,3/21/2017,0,0,0,0,0,4/19/2017,0,0,0,0,0,0,0,0,0
2/11/2017,322,31T,T,PRSE2,3/21/2017,1,5,5.6,3,4,4/19/2017,0,0,0,0,0,0,0,0,0
2/11/2017,322,31T,T,PRSE2,3/21/2017,0,0,0,0,0,4/19/2017,0,0,0,0,0,0,0,0,0
2/11/2017,322,31T,T,PRSE2,3/21/2017,0,0,0,0,0,4/19/2017,0,0,0,0,0,0,0,0,0
2/11/2017,322,31T,T,PRSE2,3/21/2017,0,0,0,0,0,4/19/2017,0,0,0,0,0,0,0,0,0
2/11/2017,322,31T,T,PRSE2,3/21/2017,0,0,0,0,0,4/19/2017,0,0,0,0,0,0,0,0,0
2/11/2017,322,31T,T,PRSE2,3/21/2017,0,0,0,0,0,4/19/2017,0,0,0,0,0,0,0,0,0
2/11/2017,323,22C,C,PRSE2,3/21/2017,1,5,5,2.6,4.5,4/19/2017,0,0,0,0,0,0,0,0,0
2/11/2017,323,22C,C,PRSE2,3/21/2017,1,4,5.6,3,4.5,4/19/2017,0,0,0,0,0,0,0,0,0
2/11/2017,323,22C,C,PRSE2,3/21/2017,1,4,6,1.9,2.7,4/19/2017,0,0,0,0,0,0,0,0,0
2/11/2017,323,22C,C,PRSE2,3/21/2017,0,0,0,0,0,4/19/2017,0,0,0,0,0,0,0,0,0
2/11/2017,323,22C,C,PRSE2,3/21/2017,0,0,0,0,0,4/19/2017,0,0,0,0,0,0,0,0,0
2/11/2017,323,22C,C,PRSE2,3/21/2017,0,0,0,0,0,4/19/2017,0,0,0,0,0,0,0,0,0
2/11/2017,324,22C,C,PRSE2,3/21/2017,1,5,7,2.5,5.8,4/19/2017,0,0,0,0,0,0,0,0,0
2/11/2017,324,22C,C,PRSE2,3/21/2017,1,5,7,3.4,5.3,4/19/2017,0,0,0,0,0,0,0,0,0
2/11/2017,324,22C,C,PRSE2,3/21/2017,1,4,4.8,2,5,4/19/2017,0,0,0,0,0,0,0,0,0
2/11/2017,324,22C,C,PRSE2,3/21/2017,1,5,6.1,3.6,4.9,4/19/2017,0,0,0,0,0,0,0,0,0
2/11/2017,324,22C,C,PRSE2,3/21/2017,1,5,8.5,2.3,4.6,4/19/2017,0,0,0,0,0,0,0,0,0
2/11/2017,324,22C,C,PRSE2,3/21/2017,0,0,0,0,0,4/19/2017,0,0,0,0,0,0,0,0,0
2/11/2017,325,21C,C,PRSE2,3/21/2017,1,6,6.8,3,4.6,4/19/2017,1,I3,4,4,05/03/2017,6,6.3,4.3,5.6
2/11/2017,325,21C,C,PRSE2,3/21/2017,0,0,0,0,0,4/19/2017,0,0,0,0,0,0,0,0,0
2/11/2017,325,21C,C,PRSE2,3/21/2017,0,0,0,0,0,4/19/2017,0,0,0,0,0,0,0,0,0
2/11/2017,325,21C,C,PRSE2,3/21/2017,0,0,0,0,0,4/19/2017,0,0,0,0,0,0,0,0,0
2/11/2017,325,21C,C,PRSE2,3/21/2017,0,0,0,0,0,4/19/2017,0,0,0,0,0,0,0,0,0
2/11/2017,325,21C,C,PRSE2,3/21/2017,0,0,0,0,0,4/19/2017,0,0,0,0,0,0,0,0,0
2/11/2017,326,11T,T,PRSE2,3/21/2017,1,5,7.6,3,5,4/19/2017,1,I3,4,9,05/03/2017,6,8.2,3.4,5.1
2/11/2017,326,11T,T,PRSE2,3/21/2017,0,0,0,0,0,4/19/2017,0,0,0,0,0,0,0,0,0
2/11/2017,326,11T,T,PRSE2,3/21/2017,0,0,0,0,0,4/19/2017,0,0,0,0,0,0,0,0,0
2/11/2017,326,11T,T,PRSE2,3/21/2017,0,0,0,0,0,4/19/2017,0,0,0,0,0,0,0,0,0
2/11/2017,326,11T,T,PRSE2,3/21/2017,0,0,0,0,0,4/19/2017,0,0,0,0,0,0,0,0,0
2/11/2017,326,11T,T,PRSE2,3/21/2017,0,0,0,0,0,4/19/2017,0,0,0,0,0,0,0,0,0
2/11/2017,327,32CIR,C,PRSE2,3/21/2017,1,5,8.9,3.6,5.7,4/19/2017,1,I3,2,1,05/03/2017,5,7.4,4.2,5.3
2/11/2017,327,32CIR,C,PRSE2,3/21/2017,1,5,6.3,3,5.3,4/19/2017,1,I3,2,8,05/03/2017,6,8.5,3.6,6
2/11/2017,327,32CIR,C,PRSE2,3/21/2017,1,5,6.9,3.7,5.2,4/19/2017,1,I3,2,7,05/03/2017,6,7.2,3.5,6.2
2/11/2017,327,32CIR,C,PRSE2,3/21/2017,1,5,7.6,3,5,4/19/2017,1,I3,3,3,05/03/2017,6,9,5,4.8
2/11/2017,327,32CIR,C,PRSE2,3/21/2017,1,5,7.8,2.3,4.6,4/19/2017,1,I3,3,5,05/03/2017,6,8.5,2.5,5.1
2/11/2017,327,32CIR,C,PRSE2,3/21/2017,1,5,8.2,4,4.6,4/19/2017,1,I3,3,6,05/03/2017,6,9.6,4.2,6.6
2/12/2017,327,32CIR,C,PRSE3,3/22/2017,1,5,8.2,4,4.6,4/20/2017,1,C3,1,3,05/04/2017,6,7,2.7,5.7
2/11/2017,328,23C,C,PRSE2,3/21/2017,1,5,6,2.2,5.6,4/19/2017,1,I3,1,2,05/03/2017,4,7.1,4.9,4.4
2/11/2017,328,23C,C,PRSE2,3/21/2017,1,5,6.8,3.2,5.4,4/19/2017,1,I3,1,5,05/03/2017,5,6.4,3.1,6
2/11/2017,328,23C,C,PRSE2,3/21/2017,1,5,7.6,3,5,4/19/2017,1,I3,1,6,05/03/2017,6,7.4,3,5
2/11/2017,328,23C,C,PRSE2,3/21/2017,1,4,6.3,2.8,4.6,4/19/2017,1,I3,1,7,05/03/2017,6,7,3.5,5.7
2/11/2017,328,23C,C,PRSE2,3/21/2017,1,5,6.8,2.2,4,4/19/2017,1,I3,1,8,05/03/2017,4,4.5,4,4
2/11/2017,328,23C,C,PRSE2,3/21/2017,1,4,5.1,2.7,3.6,4/19/2017,1,I3,2,3,05/03/2017,5,6.9,3.4,5.7
2/11/2017,329,32T,T,PRSE2,3/21/2017,1,5,7.6,3.5,5,4/19/2017,1,I3,3,4,05/03/2017,3,8.2,8,12.7
2/11/2017,329,32T,T,PRSE2,3/21/2017,1,6,7.9,2.2,4.6,4/19/2017,1,C3,1,6,05/04/2017,5,6.1,2.6,5.1
2/11/2017,329,32T,T,PRSE2,3/21/2017,0,0,0,0,0,4/19/2017,0,0,0,0,0,0,0,0,0
2/11/2017,329,32T,T,PRSE2,3/21/2017,0,0,0,0,0,4/19/2017,0,0,0,0,0,0,0,0,0
2/11/2017,329,32T,T,PRSE2,3/21/2017,0,0,0,0,0,4/19/2017,0,0,0,0,0,0,0,0,0
2/11/2017,329,32T,T,PRSE2,3/21/2017,0,0,0,0,0,4/19/2017,0,0,0,0,0,0,0,0,0
2/11/2017,330,33TIR,T,PRSE2,3/21/2017,1,4,8,3.4,5.8,4/19/2017,1,C3,1,9,05/04/2017,6,8.2,2.6,7.1
2/11/2017,330,33TIR,T,PRSE2,3/21/2017,1,5,7.8,3.1,5.7,4/19/2017,1,C3,1,1,05/04/2017,5,7.5,4.6,7.2
2/11/2017,330,33TIR,T,PRSE2,3/21/2017,1,4,5.1,3,5.7,4/19/2017,1,C3,2,3,05/04/2017,5,4.9,2.6,6.9
2/11/2017,330,33TIR,T,PRSE2,3/21/2017,1,5,5.8,2.8,5.4,4/19/2017,1,C3,2,5,05/04/2017,6,6,2.2,5.7
2/11/2017,330,33TIR,T,PRSE2,3/21/2017,1,5,6.4,2.4,2.7,4/19/2017,0,0,0,0,0,0,0,0,0
2/11/2017,330,33TIR,T,PRSE2,3/21/2017,0,0,0,0,0,4/19/2017,0,0,0,0,0,0,0,0,0
2/11/2017,331,42T,T,PRSE2,3/21/2017,1,5,3.4,2.1,4.6,4/19/2017,1,C3,3,5,05/04/2017,5,2.9,1.6,5.3
2/11/2017,331,42T,T,PRSE2,3/21/2017,1,4,3.8,1.9,3.9,4/19/2017,0,0,0,0,0,0,0,0,0
2/11/2017,331,42T,T,PRSE2,3/21/2017,1,5,5,1.8,2.8,4/19/2017,0,0,0,0,0,0,0,0,0
2/11/2017,331,42T,T,PRSE2,3/21/2017,0,0,0,0,0,4/19/2017,0,0,0,0,0,0,0,0,0
2/11/2017,331,42T,T,PRSE2,3/21/2017,0,0,0,0,0,4/19/2017,0,0,0,0,0,0,0,0,0
2/11/2017,331,42T,T,PRSE2,3/21/2017,0,0,0,0,0,4/19/2017,0,0,0,0,0,0,0,0,0
2/11/2017,332,31T,T,PRSE2,3/21/2017,1,4,5.6,2,4.3,4/19/2017,1,C3,3,7,05/04/2017,6,4.6,0.7,4.7
2/11/2017,332,31T,T,PRSE2,3/21/2017,1,5,6.8,2.1,4.2,4/19/2017,1,C3,4,1,05/04/2017,5,6.9,3.4,5.3
2/11/2017,332,31T,T,PRSE2,3/21/2017,1,4,5.9,2.1,3.2,4/19/2017,1,C3,4,6,05/04/2017,6,4.9,1.2,5.5
2/11/2017,332,31T,T,PRSE2,3/21/2017,1,4,4.5,2.2,2.8,4/19/2017,0,0,0,0,0,0,0,0,0
2/11/2017,332,31T,T,PRSE2,3/21/2017,0,0,0,0,0,4/19/2017,0,0,0,0,0,0,0,0,0
2/11/2017,332,31T,T,PRSE2,3/21/2017,0,0,0,0,0,4/19/2017,0,0,0,0,0,0,0,0,0
2/11/2017,333,23C,C,PRSE2,3/21/2017,1,5,7.9,3.3,4.3,4/19/2017,1,C3,4,7,05/04/2017,5,4.6,3.1,2.7
2/11/2017,333,23C,C,PRSE2,3/21/2017,1,5,6.7,2.4,4.1,4/19/2017,1,C3,4,8,05/04/2017,4,5,2.9,5.1
2/11/2017,333,23C,C,PRSE2,3/21/2017,1,5,7,2.6,3.3,4/19/2017,1,C3,4,9,05/04/2017,6,6,1.6,5
2/11/2017,333,23C,C,PRSE2,3/21/2017,1,4,6,3.5,2.8,4/19/2017,1,C3,5,2,05/04/2017,6,6.9,1.5,5.5
2/11/2017,333,23C,C,PRSE2,3/21/2017,1,4,5.3,2.8,2.7,4/19/2017,0,0,0,0,0,0,0,0,0
2/11/2017,333,23C,C,PRSE2,3/21/2017,1,2,3,1.8,1.1,4/19/2017,0,0,0,0,0,0,0,0,0
2/11/2017,334,33TIR,T,PRSE2,3/21/2017,1,5,7.5,4,5.9,4/19/2017,1,C3,5,3,05/04/2017,5,6.6,3.1,5.6
2/11/2017,334,33TIR,T,PRSE2,3/21/2017,1,5,7.8,2.3,5.4,4/19/2017,1,C3,5,4,05/04/2017,5,7.2,1.9,6
2/11/2017,334,33TIR,T,PRSE2,3/21/2017,1,5,8.9,3.9,5,4/19/2017,1,C3,5,5,05/04/2017,7,6.9,1.4,6.2
2/11/2017,334,33TIR,T,PRSE2,3/21/2017,1,6,7,2,4.8,4/19/2017,1,C3,5,6,05/04/2017,3,4.9,4.5,3.7
2/11/2017,334,33TIR,T,PRSE2,3/21/2017,1,5,7.2,3.5,4.6,4/19/2017,1,C3,5,7,05/04/2017,6,7.2,3.7,6.3
2/11/2017,334,33TIR,T,PRSE2,3/21/2017,1,4,5.4,3.2,3.4,4/19/2017,1,C3,5,9,05/04/2017,6,6.2,2,4.6
2/11/2017,335,11CIR,C,PRSE2,3/21/2017,1,5,7.9,1.8,5,4/19/2017,1,C3,6,1,05/04/2017,5,5.9,7,5
2/11/2017,335,11CIR,C,PRSE2,3/21/2017,1,5,6.6,2.3,4.6,4/19/2017,1,C3,6,5,05/04/2017,5,6.4,1.5,5.5
2/11/2017,335,11CIR,C,PRSE2,3/21/2017,1,3,5.1,1.6,4.6,4/19/2017,1,C3,7,8,05/04/2017,5,8.7,5.2,5.3
2/11/2017,335,11CIR,C,PRSE2,3/21/2017,1,5,7.3,3.6,4.1,4/19/2017,1,C3,7,9,05/04/2017,5,6.9,3.2,4.6
2/11/2017,335,11CIR,C,PRSE2,3/21/2017,1,4,3.6,1.5,4.1,4/19/2017,0,0,0,0,0,0,0,0,0
2/11/2017,335,11CIR,C,PRSE2,3/21/2017,0,0,0,0,0,4/19/2017,0,0,0,0,0,0,0,0,0
2/11/2017,336,11C,C,PRSE2,3/21/2017,1,5,6.7,2.2,4.6,4/19/2017,1,C3,7,2,05/04/2017,5,5.4,3.1,5
2/11/2017,336,11C,C,PRSE2,3/21/2017,1,4,7.6,2.7,4.4,4/19/2017,1,C3,7,4,05/04/2017,5,7,4.4,6.7
2/11/2017,336,11C,C,PRSE2,3/21/2017,1,3,3,2.5,1.7,4/19/2017,1,C3,7,5,05/04/2017,5,1,0.2,2.5
2/11/2017,336,11C,C,PRSE2,3/21/2017,1,2,2,1.9,1.1,4/19/2017,0,0,0,0,0,0,0,0,0
2/11/2017,336,11C,C,PRSE2,3/21/2017,1,2,1,1,1,4/19/2017,0,0,0,0,0,0,0,0,0
2/11/2017,336,11C,C,PRSE2,3/21/2017,0,0,0,0,0,4/19/2017,0,0,0,0,0,0,0,0,0
2/11/2017,337,32C,C,PRSE2,3/21/2017,1,5,4.2,1.9,4.1,4/19/2017,1,C3,8,2,05/04/2017,5,5.2,1.9,5.3
2/11/2017,337,32C,C,PRSE2,3/21/2017,1,6,6.2,1.9,4,4/19/2017,1,C3,8,5,05/04/2017,6,4.6,0.7,5.2
2/11/2017,337,32C,C,PRSE2,3/21/2017,1,6,6.7,3.6,3.6,4/19/2017,1,C3,8,6,05/04/2017,7,6.7,2,5
2/11/2017,337,32C,C,PRSE2,3/21/2017,1,5,5.6,1.3,3.5,4/19/2017,1,C3,8,8,05/04/2017,6,6.1,3,4.5
2/11/2017,337,32C,C,PRSE2,3/21/2017,1,4,4.7,2.4,2.5,4/19/2017,1,C3,9,6,05/04/2017,5,4.7,1.4,5.1
2/11/2017,337,32C,C,PRSE2,3/21/2017,1,4,4.7,2.4,2.3,4/19/2017,0,0,0,0,0,0,0,0,0
2/11/2017,338,22T,T,PRSE2,3/21/2017,0,0,0,0,0,4/19/2017,0,0,0,0,0,0,0,0,0
2/11/2017,338,22T,T,PRSE2,3/21/2017,0,0,0,0,0,4/19/2017,0,0,0,0,0,0,0,0,0
2/11/2017,338,22T,T,PRSE2,3/21/2017,0,0,0,0,0,4/19/2017,0,0,0,0,0,0,0,0,0
2/11/2017,338,22T,T,PRSE2,3/21/2017,0,0,0,0,0,4/19/2017,0,0,0,0,0,0,0,0,0
2/11/2017,338,22T,T,PRSE2,3/21/2017,0,0,0,0,0,4/19/2017,0,0,0,0,0,0,0,0,0
2/11/2017,338,22T,T,PRSE2,3/21/2017,0,0,0,0,0,4/19/2017,0,0,0,0,0,0,0,0,0
2/11/2017,339,41C,C,PRSE2,3/21/2017,1,5,6.9,3,5.2,4/19/2017,1,R3,1,1,05/04/2017,5,6.8,2.3,5.7
2/11/2017,339,41C,C,PRSE2,3/21/2017,1,4,4.6,2.6,4.1,4/19/2017,1,R3,1,4,05/04/2017,6,7.9,2,4.3
2/11/2017,339,41C,C,PRSE2,3/21/2017,1,5,6.9,2.9,3.9,4/19/2017,1,R3,1,7,05/04/2017,7,4.7,1.6,4.9
2/11/2017,339,41C,C,PRSE2,3/21/2017,1,5,4.6,1.6,2.6,4/19/2017,0,0,0,0,0,0,0,0,0
2/11/2017,339,41C,C,PRSE2,3/21/2017,1,2,1.4,1.3,0.4,4/19/2017,0,0,0,0,0,0,0,0,0
2/11/2017,339,41C,C,PRSE2,3/21/2017,0,0,0,0,0,4/19/2017,0,0,0,0,0,0,0,0,0
2/11/2017,340,41C,C,PRSE2,3/21/2017,1,5,6.3,2.7,5.3,4/19/2017,1,R3,1,1,05/04/2017,6,7,3,5.7
2/11/2017,340,41C,C,PRSE2,3/21/2017,1,7,8.3,3,3.7,4/19/2017,1,R3,1,3,05/04/2017,6,9,4.2,4.7
2/11/2017,340,41C,C,PRSE2,3/21/2017,1,5,7.6,3.4,3.2,4/19/2017,1,R3,2,6,05/04/2017,6,7.3,2.4,5.2
2/11/2017,340,41C,C,PRSE2,3/21/2017,0,0,0,0,0,4/19/2017,0,0,0,0,0,0,0,0,0
2/11/2017,340,41C,C,PRSE2,3/21/2017,0,0,0,0,0,4/19/2017,0,0,0,0,0,0,0,0,0
2/11/2017,340,41C,C,PRSE2,3/21/2017,0,0,0,0,0,4/19/2017,0,0,0,0,0,0,0,0,0
2/11/2017,341,22C,C,PRSE2,3/21/2017,1,5,5,2.1,5.3,4/19/2017,1,R3,2,8,05/04/2017,6,4.1,1.3,7.2
2/11/2017,341,22C,C,PRSE2,3/21/2017,1,5,7.7,3.1,4.7,4/19/2017,1,R3,3,1,05/04/2017,4,4.2,2.7,5
2/11/2017,341,22C,C,PRSE2,3/21/2017,1,6,5.6,0.7,4.5,4/19/2017,1,R3,3,2,05/04/2017,6,6.4,2,4.6
2/11/2017,341,22C,C,PRSE2,3/21/2017,1,4,7.5,3.6,3.9,4/19/2017,0,0,0,0,0,0,0,0,0
2/11/2017,341,22C,C,PRSE2,3/21/2017,0,0,0,0,0,4/19/2017,0,0,0,0,0,0,0,0,0
2/11/2017,341,22C,C,PRSE2,3/21/2017,0,0,0,0,0,4/19/2017,0,0,0,0,0,0,0,0,0
2/11/2017,342,41T,T,PRSE2,3/21/2017,1,6,5.6,2,5.5,4/19/2017,1,R3,4,2,05/04/2017,6,5.1,1.6,6
2/11/2017,342,41T,T,PRSE2,3/21/2017,1,5,7.5,2.6,4.5,4/19/2017,1,R3,4,3,05/04/2017,6,4.3,1.8,5.4
2/11/2017,342,41T,T,PRSE2,3/21/2017,1,6,5.6,2.4,4.4,4/19/2017,1,R3,4,6,05/04/2017,6,7.2,1.9,5
2/11/2017,342,41T,T,PRSE2,3/21/2017,1,4,5.3,2.5,3.1,4/19/2017,0,0,0,0,0,0,0,0,0
2/11/2017,342,41T,T,PRSE2,3/21/2017,1,4,4.4,2.2,2.4,4/19/2017,0,0,0,0,0,0,0,0,0
2/11/2017,342,41T,T,PRSE2,3/21/2017,0,0,0,0,0,4/19/2017,0,0,0,0,0,0,0,0,0
2/11/2017,343,41T,T,PRSE2,3/21/2017,1,5,6.4,3.1,5.1,4/19/2017,1,R3,8,6,05/04/2017,6,5.7,3,4.7
2/11/2017,343,41T,T,PRSE2,3/21/2017,1,6,6,1.8,4.5,4/19/2017,1,R3,8,7,05/04/2017,6,5.7,0.7,5.1
2/11/2017,343,41T,T,PRSE2,3/21/2017,1,4,6.9,2.5,4.4,4/19/2017,1,R3,9,3,05/04/2017,7,5.7,0.7,4.7
2/11/2017,343,41T,T,PRSE2,3/21/2017,1,6,7.3,2,4.3,4/19/2017,1,R3,9,8,05/04/2017,6,5.7,2.4,5.5
2/11/2017,343,41T,T,PRSE2,3/21/2017,0,0,0,0,0,4/19/2017,0,0,0,0,0,0,0,0,0
2/11/2017,343,41T,T,PRSE2,3/21/2017,0,0,0,0,0,4/19/2017,0,0,0,0,0,0,0,0,0
2/11/2017,344,22C,C,PRSE2,3/21/2017,1,6,6.2,3.3,6,4/19/2017,1,R3,7,1,05/04/2017,4,3,0.7,3.6
2/11/2017,344,22C,C,PRSE2,3/21/2017,1,4,6.7,2.7,4.6,4/19/2017,1,R3,7,2,05/04/2017,6,6.1,2.2,5.2
2/11/2017,344,22C,C,PRSE2,3/21/2017,1,5,6.6,2.3,4.4,4/19/2017,1,R3,7,6,05/04/2017,6,7.5,2.9,5.3
2/11/2017,344,22C,C,PRSE2,3/21/2017,1,4,5.8,2.6,3.9,4/19/2017,1,R3,8,1,05/04/2017,6,5.9,2.2,5.4
2/11/2017,344,22C,C,PRSE2,3/21/2017,1,5,3.7,0.4,2.7,4/19/2017,1,R3,8,2,05/04/2017,6,5.7,2.9,6.2
2/11/2017,344,22C,C,PRSE2,3/21/2017,0,0,0,0,0,4/19/2017,0,0,0,0,0,0,0,0,0
2/11/2017,345,11C,C,PRSE2,3/21/2017,1,5,5.9,2.5,5.2,4/19/2017,1,R3,6,3,05/04/2017,6,4.7,1.6,6.9
2/11/2017,345,11C,C,PRSE2,3/21/2017,1,5,5,2.4,5.1,4/19/2017,1,R3,6,5,05/04/2017,4,5.3,3.9,5.6
2/11/2017,345,11C,C,PRSE2,3/21/2017,1,6,7.8,3,5.1,4/19/2017,1,R3,6,6,05/04/2017,5,7,1.9,5.3
2/11/2017,345,11C,C,PRSE2,3/21/2017,1,5,7.3,2.1,4.5,4/19/2017,1,R3,5,8,05/04/2017,4,6.4,3,5.7
2/11/2017,345,11C,C,PRSE2,3/21/2017,1,2,2.7,2.4,1.2,4/19/2017,0,0,0,0,0,0,0,0,0
2/11/2017,345,11C,C,PRSE2,3/21/2017,0,0,0,0,0,4/19/2017,0,0,0,0,0,0,0,0,0
2/11/2017,346,11T,T,PRSE2,3/21/2017,1,5,6.6,2.2,4.6,4/19/2017,1,R3,5,3,05/04/2017,6,6,2.6,5.9
2/11/2017,346,11T,T,PRSE2,3/21/2017,1,4,7.1,2.6,3.2,4/19/2017,1,R3,5,4,05/04/2017,3,3.9,3.7,4.3
2/11/2017,346,11T,T,PRSE2,3/21/2017,0,0,0,0,0,4/19/2017,0,0,0,0,0,0,0,0,0
2/11/2017,346,11T,T,PRSE2,3/21/2017,0,0,0,0,0,4/19/2017,0,0,0,0,0,0,0,0,0
2/11/2017,346,11T,T,PRSE2,3/21/2017,0,0,0,0,0,4/19/2017,0,0,0,0,0,0,0,0,0
2/11/2017,346,11T,T,PRSE2,3/21/2017,0,0,0,0,0,4/19/2017,0,0,0,0,0,0,0,0,0
2/11/2017,347,42C,C,PRSE2,3/21/2017,1,5,5.2,2.1,3.9,4/19/2017,1,I3,6,6,05/03/2017,6,5,2,3.7
2/11/2017,347,42C,C,PRSE2,3/21/2017,1,4,3.7,2.6,2,4/19/2017,1,I3,6,8,05/03/2017,4,5.2,4,4.4
2/11/2017,347,42C,C,PRSE2,3/21/2017,1,3,2.3,2,1.8,4/19/2017,1,I3,6,9,05/03/2017,5,6,4.4,5.5
2/11/2017,347,42C,C,PRSE2,3/21/2017,0,0,0,0,0,4/19/2017,0,0,0,0,0,0,0,0,0
2/11/2017,347,42C,C,PRSE2,3/21/2017,0,0,0,0,0,4/19/2017,0,0,0,0,0,0,0,0,0
2/11/2017,347,42C,C,PRSE2,3/21/2017,0,0,0,0,0,4/19/2017,0,0,0,0,0,0,0,0,0
2/11/2017,347,42C,C,PRSE2,3/21/2017,0,0,0,0,0,4/19/2017,0,0,0,0,0,0,0,0,0
2/11/2017,348,33TIR,T,PRSE2,3/21/2017,1,5,6,1.1,4.5,4/19/2017,1,I3,9,5,05/03/2017,4,4.5,3.9,2.7
2/11/2017,348,33TIR,T,PRSE2,3/21/2017,1,5,5.9,2.1,4.4,4/19/2017,1,I3,9,8,05/03/2017,3,5,4.7,4.4
2/11/2017,348,33TIR,T,PRSE2,3/21/2017,1,4,4.4,3,3.4,4/19/2017,1,I3,7,6,05/03/2017,5,7.2,3.4,5.7
2/11/2017,348,33TIR,T,PRSE2,3/21/2017,1,4,3.8,1.1,2.2,4/19/2017,1,I3,7,8,05/03/2017,6,7.2,1.9,5.6
2/11/2017,348,33TIR,T,PRSE2,3/21/2017,0,0,0,0,0,4/19/2017,0,0,0,0,0,0,0,0,0
2/11/2017,348,33TIR,T,PRSE2,3/21/2017,0,0,0,0,0,4/19/2017,0,0,0,0,0,0,0,0,0
2/11/2017,349,21C,C,PRSE2,3/21/2017,1,6,7,3,4.6,4/19/2017,1,I3,5,3,05/03/2017,4,3.7,3.4,3.7
2/11/2017,349,21C,C,PRSE2,3/21/2017,1,5,5.7,3,4.5,4/19/2017,1,I3,5,2,05/03/2017,7,7.6,3.5,4
2/11/2017,349,21C,C,PRSE2,3/21/2017,1,4,5.5,2,4,4/19/2017,1,I3,4,4,05/03/2017,6,4.9,3.3,4.7
2/11/2017,349,21C,C,PRSE2,3/21/2017,0,0,0,0,2.2,4/19/2017,1,I3,4,5,05/03/2017,6,7.5,2.7,5.7
2/11/2017,349,21C,C,PRSE2,3/21/2017,1,4,3.5,1.5,2,4/19/2017,0,0,0,0,0,0,0,0,0
2/11/2017,349,21C,C,PRSE2,3/21/2017,0,0,0,0,0,4/19/2017,0,0,0,0,0,0,0,0,0
2/11/2017,350,31C,C,PRSE2,3/21/2017,1,5,6.1,4.1,4.9,4/19/2017,1,I3,4,6,05/03/2017,5,7,3.5,6.1
2/11/2017,350,31C,C,PRSE2,3/21/2017,1,4,6.4,3.1,4.5,4/19/2017,1,I3,4,8,05/03/2017,5,5.3,4,5.4
2/11/2017,350,31C,C,PRSE2,3/21/2017,1,4,5,3.1,4.4,4/19/2017,1,I3,4,9,05/03/2017,5,4.6,2.7,3.7
2/11/2017,350,31C,C,PRSE2,3/21/2017,1,5,5.9,2,3.7,4/19/2017,1,I3,3,1,05/03/2017,6,5.7,3,5.6
2/11/2017,350,31C,C,PRSE2,3/21/2017,1,4,5,3,3.5,4/19/2017,1,I3,4,1,05/03/2017,6,6.5,3.4,5.6
2/11/2017,350,31C,C,PRSE2,3/21/2017,0,0,0,0,0,4/19/2017,0,0,0,0,0,0,0,0,0
2/20/2017,351,32CIR,C,QUVE,3/24/2017,1,6,12.7,6.6,10.2,4/19/2017,1,C1,1,3,05/07/2017,4,12.5,11,14.7
2/20/2017,352,11CIR,C,QUVE,3/24/2017,1,5,12.4,9.5,8.9,4/19/2017,1,C1,2,2,05/07/2017,5,11.7,8.7,12.3
2/20/2017,353,31T,T,QUVE,3/24/2017,1,4,15.4,14.3,6.2,4/19/2017,1,C1,2,4,05/07/2017,4,16.3,13.4,19.6
2/20/2017,354,22T,T,QUVE,3/24/2017,1,4,9.9,8,11.1,4/19/2017,1,C1,2,7,05/07/2017,4,9.4,6.4,12.7
2/20/2017,355,22C,C,QUVE,3/24/2017,1,6,14.3,6,8.6,4/19/2017,1,C1,2,8,05/07/2017,7,14.3,5.7,15.4
2/20/2017,356,31T,T,QUVE,3/24/2017,1,6,10.6,8.7,5.4,4/19/2017,1,C1,3,4,05/07/2017,6,12.4,9.4,17.2
2/20/2017,357,41C,C,QUVE,3/24/2017,1,6,12,7.1,8.6,4/19/2017,1,C1,4,3,05/07/2017,6,12.1,5.7,18
2/20/2017,358,31C,C,QUVE,3/24/2017,1,5,7.6,5.2,2.6,4/19/2017,1,C1,4,5,05/07/2017,6,9.7,8.1,13.7
2/20/2017,359,22T,T,QUVE,3/24/2017,1,2,2,1.8,1.4,4/19/2017,1,C1,5,4,05/07/2017,4,2.6,2,4.3
2/20/2017,360,21C,C,QUVE,3/24/2017,1,5,11.9,10.9,5.2,4/19/2017,1,C1,5,7,05/07/2017,5,12.6,11.2,16
2/20/2017,361,32CIR,C,QUVE,3/24/2017,1,6,11,7.5,11,4/19/2017,1,C1,5,9,05/07/2017,5,11.2,9.2,12.5
2/20/2017,362,23T,T,QUVE,3/24/2017,1,6,13,10.5,6.8,4/19/2017,1,C1,6,1,05/07/2017,,,,
2/20/2017,363,31T,T,QUVE,3/24/2017,1,5,16.2,13.7,9.6,4/19/2017,1,FALSE,,,,,,,
2/20/2017,364,31T,T,QUVE,3/24/2017,0,0,0,0,0,4/19/2017,0,0,0,0,0,0,0,0,0
2/20/2017,365,42T,T,QUVE,3/24/2017,1,4,18.9,17.1,11.5,4/19/2017,1,FALSE,,,,,,,
2/20/2017,366,32C,C,QUVE,3/24/2017,1,6,14.1,12.6,9,4/19/2017,1,FALSE,,,,,,,
2/20/2017,367,11T,T,QUVE,3/24/2017,1,6,7.1,6.5,3.6,4/19/2017,1,C1,7,5,05/07/2017,6,7.2,6.2,8.7
2/20/2017,368,22T,T,QUVE,3/24/2017,1,2,2.2,1.8,1,4/19/2017,1,C1,8,2,05/07/2017,4,6.2,5.2,12.4
2/20/2017,369,22C,C,QUVE,3/24/2017,1,3,2.2,2,1.1,4/19/2017,1,C1,9,5,05/07/2017,4,1.3,1,3.7
2/20/2017,370,42T,T,QUVE,3/24/2017,1,7,12.2,5.6,9.7,4/19/2017,1,FALSE,,,,,,,
2/20/2017,371,11CIR,C,QUVE,3/24/2017,1,7,12.9,4.6,6.9,4/19/2017,1,C1,8,9,05/07/2017,4,14,12.7,15.2
2/20/2017,372,22T,T,QUVE,3/24/2017,0,0,0,0,0,4/19/2017,0,0,0,0,0,0,0,0,0
2/20/2017,373,23C,C,QUVE,3/24/2017,1,4,12.1,6.8,7.9,4/19/2017,1,C1,9,7,05/07/2017,4,11.4,9.5,14.5
2/20/2017,374,11C,C,QUVE,3/24/2017,1,5,15.1,13.3,6.3,4/19/2017,1,R1,1,1,05/07/2017,6,16.1,12.9,15.7
2/20/2017,375,42T,T,QUVE,3/24/2017,0,0,0,0,0,4/19/2017,0,0,0,0,0,0,0,0,0
2/20/2017,376,32CIR,C,QUVE,3/24/2017,1,4,9.9,9.6,7.1,4/19/2017,1,R1,1,8,05/07/2017,4,11.2,10.4,14.1
2/20/2017,377,32CIR,C,QUVE,3/24/2017,1,4,3.4,3.2,1.9,4/19/2017,1,R1,1,6,05/07/2017,5,3,2.1,2
2/20/2017,378,42C,C,QUVE,3/24/2017,1,6,15.1,10.2,8,4/19/2017,1,R1,3,8,05/07/2017,6,14.4,9.6,13.4
2/20/2017,379,11C,C,QUVE,3/24/2017,1,6,16.1,14.4,10.3,4/19/2017,1,R1,4,1,05/07/2017,6,16,13.4,16
2/20/2017,380,42T,T,QUVE,3/24/2017,1,7,17.3,9.7,11.7,4/19/2017,1,R1,4,3,05/07/2017,7,17,8.2,16.2
2/20/2017,381,11C,C,QUVE,3/24/2017,1,3,2.6,2.4,2.4,4/19/2017,1,R1,5,4,05/07/2017,3,2.4,2.3,4.3
2/20/2017,382,31T,T,QUVE,3/24/2017,1,4,10.3,10,11.9,4/19/2017,1,R1,5,5,05/07/2017,4,11.2,10.2,13.6
2/20/2017,383,31C,C,QUVE,3/24/2017,1,7,21,9.3,12,4/19/2017,1,R1,6,2,05/07/2017,6,20.1,15.4,18.7
2/20/2017,384,32C,C,QUVE,3/24/2017,1,4,11.4,10.9,10.3,4/19/2017,1,R1,6,5,05/07/2017,4,10.2,9.2,15
2/20/2017,385,11T,T,QUVE,3/24/2017,0,0,0,0,0,4/19/2017,0,0,0,0,0,0,0,0,0
2/20/2017,386,21C,C,QUVE,3/24/2017,1,4,7,6.9,5.2,4/19/2017,1,R1,6,7,05/07/2017,4,7.2,6.2,11.7
2/20/2017,387,41T,T,QUVE,3/24/2017,1,4,8.9,7.9,10,4/19/2017,1,R1,7,1,05/07/2017,6,10,6.3,13.7
2/20/2017,388,21C,C,QUVE,3/24/2017,1,4,7.5,4.9,7,4/19/2017,1,R1,7,2,05/07/2017,4,10.4,3.5,15.7
2/20/2017,389,31T,T,QUVE,3/24/2017,1,6,13.7,11.4,10.7,4/19/2017,1,R1,7,3,05/07/2017,6,13.2,10.6,16.4
2/20/2017,390,22C,C,QUVE,3/24/2017,1,1,1.7,1.5,0.4,4/19/2017,1,R1,7,4,05/07/2017,4,3,2.7,1.6
2/20/2017,391,32C,C,QUVE,3/24/2017,1,6,15,8.9,11,4/19/2017,1,R1,7,9,05/07/2017,6,14.2,7.2,18.1
2/20/2017,392,42T,T,QUVE,3/24/2017,0,0,0,0,0,4/19/2017,0,0,0,0,0,0,0,0,0
2/20/2017,393,41T,T,QUVE,3/24/2017,1,6,16.5,8.4,11.6,4/19/2017,1,R1,8,4,05/07/2017,6,17.6,9.5,16.6
2/20/2017,394,22C,C,QUVE,3/24/2017,1,6,13.9,11.7,8.8,4/19/2017,1,R1,8,5,05/07/2017,6,13.3,11.1,15
2/20/2017,395,11T,T,QUVE,3/24/2017,1,4,5.4,4.3,1.2,4/19/2017,1,R1,9,1,05/07/2017,6,8.6,4.2,11.9
2/20/2017,396,11C,C,QUVE,3/24/2017,1,3,6.6,6.4,9.7,4/19/2017,1,I1,1,1,05/07/2017,8,13.4,6.6,12.1
2/20/2017,397,32C,C,QUVE,3/24/2017,1,5,3.2,3,0.9,4/19/2017,1,I1,1,7,05/07/2017,6,3.9,3.2,3
2/20/2017,398,11T,T,QUVE,3/24/2017,1,4,11.9,10.7,8.6,4/19/2017,1,R1,9,6,05/07/2017,6,14.3,10.2,13.6
2/20/2017,399,42C,C,QUVE,3/24/2017,1,6,12.6,9.1,6.4,4/19/2017,1,R1,9,8,05/07/2017,6,11.4,7.5,14.4
2/20/2017,400,41C,C,QUVE,3/24/2017,1,8,14,12.7,5.6,4/19/2017,1,I1,2,3,05/07/2017,8,14.7,12.9,14.7
2/20/2017,401,23T,T,QUVE,3/24/2017,1,1,1.9,1.5,0.4,4/19/2017,0,0,0,0,0,0,0,0,0
2/20/2017,402,11T,T,QUVE,3/24/2017,1,6,16.3,8.5,11.9,4/19/2017,1,I1,2,4,05/07/2017,6,16.7,9,14.2
2/20/2017,403,32C,C,QUVE,3/24/2017,1,6,16.2,12.3,12.9,4/19/2017,1,I1,3,4,05/07/2017,6,16.2,12.2,13.2
2/20/2017,404,31T,T,QUVE,3/24/2017,1,4,11.7,9.6,11.5,4/19/2017,1,I1,3,6,05/07/2017,4,11.3,8.9,17
2/20/2017,405,42T,T,QUVE,3/24/2017,1,4,9.7,8.6,8.6,4/19/2017,1,I1,4,6,05/07/2017,4,9.6,8.2,14.4
2/20/2017,406,11T,T,QUVE,3/24/2017,1,5,10.6,9.4,7.9,4/19/2017,1,I1,4,8,05/07/2017,5,10.7,9.3,16.4
2/20/2017,407,11C,C,QUVE,3/24/2017,1,4,12.9,12.1,5.9,4/19/2017,1,I1,5,3,05/07/2017,9,19.1,11.6,13.5
2/20/2017,408,42C,C,QUVE,3/24/2017,1,8,9.9,2.4,7.5,4/19/2017,1,I1,5,6,05/07/2017,8,10.7,2.7,13.7
2/20/2017,409,33C,C,QUVE,3/24/2017,1,1,1.5,1.3,0.3,4/19/2017,0,0,0,0,0,0,0,0,0
2/20/2017,410,42T,T,QUVE,3/24/2017,1,4,10,9.3,8.4,4/19/2017,1,I1,6,4,05/07/2017,8,21.1,9.7,15.2
2/20/2017,411,33C,C,QUVE,3/24/2017,1,7,14.2,5.9,8.1,4/19/2017,1,I1,6,5,05/07/2017,7,12.7,6.7,15.7
2/20/2017,412,31T,T,QUVE,3/24/2017,1,6,10.1,4,7.9,4/19/2017,1,I1,7,4,05/07/2017,6,10.9,4.7,14.5
2/20/2017,413,11T,T,QUVE,3/24/2017,1,6,8.7,4.9,10,4/19/2017,1,I1,7,6,05/07/2017,6,9,5.5,10.7
2/20/2017,414,41C,C,QUVE,3/24/2017,1,7,11.9,7,12.1,4/19/2017,1,I1,7,7,05/07/2017,7,11.7,6.7,15.4
2/20/2017,415,23C,C,QUVE,3/24/2017,1,5,12.3,4.5,10.3,4/19/2017,1,I1,8,6,05/07/2017,5,12.5,4.5,14
2/20/2017,416,31C,C,QUVE,3/24/2017,1,2,2.4,2.2,1.1,4/19/2017,1,I1,9,1,05/07/2017,6,3,2.7,2.9
2/20/2017,417,11T,T,QUVE,3/24/2017,1,2,2.5,2.2,1.4,4/19/2017,1,I1,9,6,05/07/2017,6,13.4,5.6,13.2
2/20/2017,418,41C,C,QUVE,3/24/2017,1,6,14.2,11.2,12.1,4/19/2017,1,I1,9,8,05/07/2017,6,13.5,10.4,13.5
2/20/2017,419,23C,C,QUVE,3/24/2017,1,7,14.2,6.8,5.2,4/19/2017,1,I1,9,9,05/07/2017,6,13.7,6.2,14.9
2/20/2017,420,32CIR,C,QUVE,3/24/2017,1,5,8.9,7.5,9.4,4/19/2017,1,C2,1,3,05/06/2017,5,9.2,7.2,11.4
2/20/2017,421,42C,C,QUVE,3/24/2017,0,0,0,0,0,4/19/2017,0,0,0,0,0,0,0,0,0
2/20/2017,422,21C,C,QUVE,3/24/2017,1,5,6.2,3.7,5.1,4/19/2017,1,C2,1,8,05/06/2017,5,8.2,3.2,18
2/20/2017,423,31T,T,QUVE,3/24/2017,1,1,1.8,1.6,0.2,4/19/2017,0,0,,,,,,,
2/20/2017,424,42T,T,QUVE,3/24/2017,1,7,13.4,7.9,7.9,4/19/2017,1,C2,2,4,05/06/2017,7,15.6,9.4,15.7
2/20/2017,425,31T,T,QUVE,3/24/2017,1,6,13,8.2,13.6,4/19/2017,1,C2,2,9,05/06/2017,6,12.1,6.7,12.4
2/20/2017,426,11T,T,QUVE,3/24/2017,1,4,8.5,7.5,11.4,4/19/2017,1,C2,3,3,05/06/2017,7,12.7,6.6,12
2/20/2017,427,32C,C,QUVE,3/24/2017,1,5,14.7,12.3,11,4/19/2017,1,C2,3,7,05/06/2017,5,14.3,11.2,14.9
2/20/2017,428,32C,C,QUVE,3/24/2017,1,6,11.1,9.7,6.9,4/19/2017,1,C2,3,9,05/06/2017,6,11.2,5.9,13.5
2/20/2017,429,21C,C,QUVE,3/24/2017,1,4,13.2,11.6,11,4/19/2017,1,C2,3,5,05/06/2017,4,12.6,10.9,11.2
2/20/2017,430,23C,C,QUVE,3/24/2017,1,8,12.4,5.7,8.2,4/19/2017,1,C2,3,6,05/06/2017,6,13.2,11.4,18.7
2/20/2017,431,42T,T,QUVE,3/24/2017,1,7,10.4,7.9,11,4/19/2017,1,C2,5,1,05/06/2017,6,9.4,6.3,11.4
2/20/2017,432,11CIR,C,QUVE,3/24/2017,1,6,12,6,11,4/19/2017,1,C2,5,3,05/06/2017,5,10.4,8.7,11.4
2/20/2017,433,31T,T,QUVE,3/24/2017,1,7,13.2,5.7,9.7,4/19/2017,1,C2,5,8,05/06/2017,8,15.2,5.4,14
2/20/2017,434,31T,T,QUVE,3/24/2017,1,5,3.9,2.8,5,4/19/2017,1,C2,6,4,05/06/2017,11,7.2,2.2,7.6
2/20/2017,435,22C,C,QUVE,3/24/2017,1,7,18.5,10.7,14.6,4/19/2017,1,C2,6,6,05/06/2017,7,9.7,11.4,16.8
2/20/2017,436,11C,C,QUVE,3/24/2017,1,1,2.1,1.9,0.4,4/19/2017,0,0,,,,,,,
2/20/2017,437,11T,T,QUVE,3/24/2017,1,5,15.4,8.1,9.7,4/19/2017,1,C2,7,5,05/06/2017,4,14.4,12.4,16.2
2/20/2017,438,42C,C,QUVE,3/24/2017,1,4,13.1,11,14.2,4/19/2017,1,C2,7,8,05/06/2017,4,10.3,8.4,14.9
2/20/2017,439,42T,T,QUVE,3/24/2017,1,5,11.8,8,7.7,4/19/2017,1,C2,9,4,05/06/2017,5,11.7,7.5,14
2/20/2017,440,21C,C,QUVE,3/24/2017,1,8,13,7.4,14.1,4/19/2017,1,C2,9,7,05/06/2017,8,12,6,15
2/20/2017,441,31C,C,QUVE,3/24/2017,1,6,15.4,4.5,12.9,4/19/2017,1,C2,8,3,05/06/2017,6,14.4,11.1,14.3
2/20/2017,442,32C,C,QUVE,3/24/2017,1,6,12.2,5.1,12.9,4/19/2017,1,R2,1,5,05/06/2017,6,10,2.9,13.5
2/20/2017,443,11CIR,C,QUVE,3/24/2017,1,6,12.5,8.4,12.9,4/19/2017,0,0,,,,,,,
2/20/2017,444,31T,T,QUVE,3/24/2017,1,6,9.4,5,13.7,4/19/2017,1,R2,1,8,05/06/2017,6,8,3.2,14
2/20/2017,445,11T,T,QUVE,3/24/2017,1,1,2.7,2.5,0.3,4/19/2017,1,R2,2,1,05/06/2017,2,2.6,2.3,9.2
2/20/2017,446,22C,C,QUVE,3/24/2017,1,4,13.5,10.4,8,4/19/2017,1,R2,2,8,05/06/2017,4,11.4,10.2,14.7
2/20/2017,447,11T,T,QUVE,3/24/2017,1,2,6.4,5.9,10.1,4/19/2017,1,R2,3,1,05/06/2017,4,11.6,2.4,14.2
2/20/2017,448,41C,C,QUVE,3/24/2017,1,6,3.9,8,10,4/19/2017,1,R2,3,8,05/06/2017,6,11.4,5.8,11.7
2/20/2017,449,23T,T,QUVE,3/24/2017,1,5,12.6,10.1,9.1,4/19/2017,1,FALSE,,,,,,,
2/20/2017,450,21C,C,QUVE,3/24/2017,1,5,11.8,9.5,12.7,4/19/2017,1,FALSE,,,,,,,
2/22/2017,451,42T,T,QUVE,3/24/2017,1,3,13,11.5,11,4/19/2017,1,FALSE,,,,,,,
2/22/2017,452,42T,T,QUVE,3/24/2017,1,5,12,10.2,12.7,4/19/2017,1,R2,5,2,05/06/2017,5,11.1,9.4,13.7
2/22/2017,453,32C,C,QUVE,3/24/2017,1,6,14,11.1,10.6,4/19/2017,1,R2,5,7,05/06/2017,5,11.7,8.6,15.3
2/22/2017,454,21C,C,QUVE,3/24/2017,1,4,10.7,9.6,13.3,4/19/2017,1,R2,6,5,05/06/2017,4,11,9.9,14
2/22/2017,455,31T,T,QUVE,3/24/2017,1,4,6.1,5.2,10.9,4/19/2017,1,R2,6,7,05/06/2017,7,9.1,3.7,11.7
2/22/2017,456,42C,C,QUVE,3/24/2017,1,4,12.3,9.2,13.2,4/19/2017,1,R2,7,6,05/06/2017,8,20,8.7,15
2/22/2017,457,31T,T,QUVE,3/24/2017,1,5,8.6,5.4,12.5,4/19/2017,1,R2,7,8,05/06/2017,5,7.2,3.9,11.7
2/22/2017,458,21C,C,QUVE,3/24/2017,1,8,15.6,6.5,12.6,4/19/2017,1,R2,8,7,05/06/2017,7,12.3,4.4,15.4
2/22/2017,459,31C,C,QUVE,3/24/2017,1,4,14,13.2,12.4,4/19/2017,1,R2,8,9,05/06/2017,7,15.4,8.1,14
2/22/2017,460,32C,C,QUVE,3/24/2017,1,4,9.4,8.6,11,4/19/2017,1,R2,9,1,05/06/2017,4,7,6.2,12.1
2/22/2017,461,32C,C,QUVE,3/24/2017,1,5,14.7,13,11.7,4/19/2017,1,R2,9,3,05/06/2017,5,14.1,11.6,14.3
2/22/2017,462,31T,T,QUVE,3/24/2017,1,6,11.6,9.7,9.4,4/19/2017,1,R2,9,5,05/06/2017,6,11.4,9.2,12
2/22/2017,463,11T,T,QUVE,3/24/2017,1,4,6.2,4.8,4.7,4/19/2017,1,I2,1,1,05/05/2017,4,7.7,4.5,10.5
2/22/2017,463,11T,T,QUVE,3/24/2017,1,5,6.4,6,3.4,4/19/2017,1,I2,1,1,05/05/2017,5,7.8,6.7,11.5
2/22/2017,464,32C,C,QUVE,3/24/2017,1,6,13.7,6.3,11.4,4/19/2017,1,I2,1,2,05/05/2017,6,14.5,12.6,15.5
2/22/2017,465,31T,T,QUVE,3/24/2017,1,5,14,12,11.9,4/19/2017,1,I2,2,1,05/05/2017,5,14,12,14.5
2/22/2017,466,41C,C,QUVE,3/24/2017,1,3,12,9.5,11.5,4/19/2017,1,I2,2,8,05/05/2017,5,9.5,5.4,15
2/22/2017,467,31C,C,QUVE,3/24/2017,1,5,7.2,3.9,3.9,4/19/2017,1,I2,3,2,05/05/2017,8,21.2,3.7,11.2
2/22/2017,468,31T,T,QUVE,3/24/2017,1,3,1.1,0.9,1.3,4/19/2017,1,I2,3,4,05/05/2017,3,2.5,1.8,1.5
2/22/2017,469,21C,C,QUVE,3/24/2017,1,5,8.1,7.5,10.4,4/19/2017,1,I2,4,1,05/05/2017,5,8.1,7.6,11.6
2/22/2017,470,32C,C,QUVE,3/24/2017,1,6,15.2,12.1,10.4,4/19/2017,1,I2,5,2,05/05/2017,6,14.2,10.7,11.1
2/22/2017,471,23T,T,QUVE,3/24/2017,1,5,9.9,4.2,10.6,4/19/2017,1,I2,5,7,05/05/2017,4,9.4,8.1,12.5
2/22/2017,472,31T,T,QUVE,3/24/2017,1,6,6.6,4.2,9.7,4/19/2017,1,I2,5,3,05/05/2017,5,5.7,2.6,11.3
2/22/2017,473,42T,T,QUVE,3/24/2017,1,6,9.5,3.6,11.2,4/19/2017,1,I2,5,5,05/05/2017,4,10.2,7.8,12
2/22/2017,474,23T,T,QUVE,3/24/2017,1,4,5.4,4.2,7.5,4/19/2017,1,I2,6,5,05/05/2017,4,10.1,5.4,9.7
2/22/2017,475,22C,C,QUVE,3/24/2017,1,5,11.9,6.4,12.8,4/19/2017,1,I2,6,6,05/05/2017,5,12.3,6.5,15
2/22/2017,476,11T,T,QUVE,3/24/2017,1,5,8,1.7,12,4/19/2017,1,I2,7,7,05/05/2017,5,9.7,8.6,13.2
2/22/2017,477,23T,T,QUVE,3/24/2017,1,5,12.6,8.4,5.4,4/19/2017,1,I2,7,4,05/05/2017,6,13.9,7.3,15.4
2/22/2017,478,22C,C,QUVE,3/24/2017,1,6,10.6,6.4,9.9,4/19/2017,1,I2,8,5,05/05/2017,6,12.4,8.1,12.1
2/22/2017,479,11C,C,QUVE,3/24/2017,0,0,0,0,0,4/19/2017,0,0,0,0,0,0,0,0,0
2/22/2017,480,22C,C,QUVE,3/24/2017,1,5,18,13.2,10.2,4/19/2017,1,I2,6,1,05/04/2017,5,14.3,9.3,15.6
2/22/2017,481,11C,C,QUVE,3/24/2017,1,4,11.2,9.8,9.2,4/19/2017,1,I2,6,2,05/04/2017,4,10,8.4,12.6
2/22/2017,482,42C,C,QUVE,3/24/2017,0,0,0,0,0,4/19/2017,0,0,0,0,0,0,0,0,0
2/22/2017,483,23T,T,QUVE,3/24/2017,1,6,15.3,8.1,9.6,4/19/2017,1,I2,7,1,05/04/2017,5,15.6,7.1,14.7
2/22/2017,484,23T,T,QUVE,3/24/2017,1,5,12.1,9.6,12.2,4/19/2017,1,I2,8,1,05/04/2017,5,9.9,7.2,12.2
2/22/2017,485,42T,T,QUVE,3/24/2017,1,6,15.2,11.9,10.9,4/19/2017,1,I2,9,1,05/04/2017,6,13.7,10.6,13.7
2/22/2017,486,11CIR,C,QUVE,3/24/2017,1,5,11,5.2,10.7,4/19/2017,1,I2,9,2,05/04/2017,9,21.4,4.1,15.3
2/22/2017,487,32C,C,QUVE,3/24/2017,1,6,11.2,5.4,12,4/19/2017,1,C3,1,2,05/04/2017,5,11.2,5.8,12.2
2/22/2017,488,42C,C,QUVE,3/24/2017,1,6,16.4,8.9,13,4/19/2017,1,C3,1,5,05/04/2017,6,14.6,7.1,14.5
2/22/2017,489,33C,C,QUVE,3/24/2017,1,6,11.2,9,13.4,4/19/2017,1,C3,1,7,05/04/2017,6,11,8.6,15.6
2/22/2017,490,42C,C,QUVE,3/24/2017,1,6,14.9,7.9,7.5,4/19/2017,1,C3,2,2,05/04/2017,6,12.5,5.2,16.4
2/22/2017,491,23T,T,QUVE,3/24/2017,1,2,3,2.5,1.7,4/19/2017,1,C3,2,5,05/04/2017,4,3.2,2.7,3
2/22/2017,492,32C,C,QUVE,3/24/2017,1,4,10.2,8.7,10.4,4/19/2017,1,C3,3,3,05/04/2017,4,9.3,7.6,12.3
2/22/2017,493,33C,C,QUVE,3/24/2017,1,4,9.5,8.4,11,4/19/2017,1,C3,3,8,05/04/2017,4,7.2,6.8,13.1
2/22/2017,494,23T,T,QUVE,3/24/2017,1,4,14.7,12.1,10.9,4/19/2017,1,C3,4,4,05/04/2017,4,12.3,9.7,16
2/22/2017,495,23T,T,QUVE,3/24/2017,1,6,14.9,7.7,13.5,4/19/2017,1,C3,5,1,05/04/2017,5,8.2,7.9,15.3
2/22/2017,496,32C,C,QUVE,3/24/2017,1,6,7.6,7.3,12.7,4/19/2017,1,C3,5,8,05/04/2017,5,17.4,7.2,15.6
2/22/2017,497,41C,C,QUVE,3/24/2017,1,6,13.3,8.2,15,4/19/2017,1,C3,6,2,05/04/2017,5,12.5,7.3,16
2/22/2017,498,41C,C,QUVE,3/24/2017,1,4,11.3,10.5,11,4/19/2017,1,C3,6,4,05/04/2017,7,7.8,5.2,11
2/22/2017,499,42T,T,QUVE,3/24/2017,1,4,10.7,9,12,4/19/2017,1,C3,6,7,05/04/2017,4,8,6.4,12.7
2/22/2017,500,24T,T,QUVE,3/24/2017,1,1,2.3,2.2,0.3,4/19/2017,1,C3,7,3,05/04/2017,6,17.2,4.6,4.4
2/22/2017,501,23C,C,QUVE,3/24/2017,1,5,14.2,9.8,10.2,4/19/2017,1,C3,7,7,05/04/2017,5,11.6,6.3,17
2/22/2017,502,42C,C,QUVE,3/24/2017,1,6,10.9,6.3,6.8,4/19/2017,1,C3,7,9,05/04/2017,5,11.2,9.2,13.7
2/22/2017,502,42C,C,QUVE,3/24/2017,1,5,6,4.5,2.3,4/19/2017,1,C3,7,9,05/04/2017,5,7.5,4.6,8.3
2/22/2017,503,23T,T,QUVE,3/24/2017,1,1,1.5,1.3,0.3,4/19/2017,1,C3,8,1,05/04/2017,1,2,1.6,0.3
2/22/2017,504,42T,T,QUVE,3/24/2017,1,7,11.4,7.9,11,4/19/2017,1,C3,8,3,05/04/2017,7,12.1,3.9,12.9
2/22/2017,505,24T,T,QUVE,3/24/2017,1,7,13,10.2,10.9,4/19/2017,0,0,0,0,0,0,0,0,0
2/22/2017,506,21C,C,QUVE,3/24/2017,1,3,5.7,4.4,4.3,4/19/2017,1,C3,8,4,05/04/2017,8,7.6,2.9,12
2/22/2017,507,42T,T,QUVE,3/24/2017,1,5,11.9,7.1,12.5,4/19/2017,1,C3,9,8,05/04/2017,5,10,4.7,12.9
2/22/2017,508,24T,T,QUVE,3/24/2017,1,4,15.4,15.3,10.8,4/19/2017,1,R3,1,5,05/04/2017,4,14.6,12,14.6
2/22/2017,509,31C,C,QUVE,3/24/2017,1,6,17,7.5,14,4/19/2017,1,R3,1,3,05/04/2017,5,13.4,10.7,16.2
2/22/2017,510,41C,C,QUVE,3/24/2017,1,5,14.6,11.9,12.2,4/19/2017,1,R3,1,2,05/04/2017,6,15.6,6,15.7
2/22/2017,511,23C,C,QUVE,3/24/2017,1,7,10.5,4.9,13,4/19/2017,1,R3,1,6,05/04/2017,6,9.2,3.4,16
2/22/2017,512,22C,C,QUVE,3/24/2017,1,4,9.7,9,10.9,4/19/2017,1,R3,2,4,05/04/2017,8,14.8,7.8,10.2
2/22/2017,513,42T,T,QUVE,3/24/2017,1,6,12.1,7.8,9.4,4/19/2017,1,R3,2,7,05/04/2017,6,9.1,8.7,12.4
2/22/2017,514,32C,C,QUVE,3/24/2017,1,6,13,7.2,12,4/19/2017,1,R3,3,3,05/04/2017,6,11.4,5.4,14.1
2/22/2017,515,23T,T,QUVE,3/24/2017,1,6,12,8.3,9.3,4/19/2017,1,R3,3,5,05/04/2017,6,10,6.1,13.5
2/22/2017,516,42T,T,QUVE,3/24/2017,1,4,5.4,5.2,3.3,4/19/2017,1,R3,4,4,05/04/2017,4,3.6,3,5
2/22/2017,517,42T,T,QUVE,3/24/2017,1,4,3.9,3.8,2.2,4/19/2017,1,R3,4,5,05/04/2017,5,7.6,5.9,15
2/22/2017,518,23T,T,QUVE,3/24/2017,1,1,1.8,1.6,0.3,4/19/2017,1,R3,4,9,05/04/2017,1,3,2.9,0.2
2/22/2017,519,21C,C,QUVE,3/24/2017,1,6,13.1,12.2,5.4,4/19/2017,1,R3,5,2,05/04/2017,6,12.5,10,17
2/22/2017,520,22C,C,QUVE,3/24/2017,1,4,8.1,8.8,4.6,4/19/2017,1,R3,5,9,05/04/2017,5,8.4,7,12
2/22/2017,521,42C,C,QUVE,3/24/2017,1,4,9.7,9.2,7.4,4/19/2017,1,R3,6,2,05/04/2017,4,9.7,8.6,12
2/22/2017,522,11C,C,QUVE,3/24/2017,1,7,16,10.4,9,4/19/2017,1,R3,6,7,05/04/2017,7,14.7,8.7,14.5
2/22/2017,523,23T,T,QUVE,3/24/2017,1,2,3.2,3,0.9,4/19/2017,1,R3,6,9,05/04/2017,6,10.1,6.6,16
2/22/2017,524,23C,C,QUVE,3/24/2017,1,5,10.7,6.1,4.7,4/19/2017,1,R3,7,3,05/04/2017,4,11.7,10.9,15.8
2/22/2017,525,11C,C,QUVE,3/24/2017,1,4,3,3,2.1,4/19/2017,1,R3,7,8,05/04/2017,6,11.2,7.8,13.4
2/22/2017,526,23T,T,QUVE,3/24/2017,1,6,11.5,9.7,4,4/19/2017,1,R3,9,6,05/04/2017,6,12.7,9.4,15.8
2/22/2017,527,32C,C,QUVE,3/24/2017,1,6,19.6,11.3,9.3,4/19/2017,1,R3,9,4,05/04/2017,6,18.7,10.3,16
2/22/2017,528,32C,C,QUVE,3/24/2017,1,4,10,9.4,5.8,4/19/2017,1,R3,8,4,05/04/2017,4,10,8.2,14.5
2/22/2017,529,42C,C,QUVE,3/24/2017,1,5,11.6,9.7,10.7,4/19/2017,1,I3,2,2,05/03/2017,5,9.6,7.4,14.7
2/22/2017,530,11C,C,QUVE,3/24/2017,1,4,6.1,5.5,3.2,4/19/2017,1,I3,2,9,05/03/2017,7,14.3,9,14.3
2/22/2017,531,23T,T,QUVE,3/24/2017,1,4,11.1,4.7,4.7,4/19/2017,1,I3,2,6,05/03/2017,5,11.1,9.6,16
2/22/2017,532,11C,C,QUVE,3/24/2017,1,5,7.1,5.6,3.1,4/19/2017,0,0,0,0,0,0,0,0,0
2/22/2017,533,42T,T,QUVE,3/24/2017,1,6,11.1,10.1,4.9,4/19/2017,1,I3,1,4,05/03/2017,6,15.3,13,14.9
2/22/2017,534,31C,C,QUVE,3/24/2017,1,7,11.9,7.6,5.1,4/19/2017,1,I3,1,1,05/03/2017,6,13.1,11.6,13.3
2/22/2017,535,32C,C,QUVE,3/24/2017,1,4,6,5.7,1.1,4/19/2017,1,I3,4,7,05/03/2017,4,9.7,9.1,13.3
2/22/2017,536,24T,T,QUVE,3/24/2017,1,1,1.5,1.3,0.3,4/19/2017,0,0,0,0,0,0,0,0,0
2/22/2017,537,21C,C,QUVE,3/24/2017,1,3,7.1,5.7,2.2,4/19/2017,1,I3,5,5,05/03/2017,4,12.2,9.7,15.7
2/22/2017,538,42T,T,QUVE,3/24/2017,1,6,9.4,8.2,4.4,4/19/2017,1,I3,3,4,05/03/2017,6,13,10,15.1
2/22/2017,539,21C,C,QUVE,3/24/2017,1,4,7.8,7.3,6.8,4/19/2017,1,I3,3,7,05/03/2017,6,9,6.6,11
2/22/2017,540,23T,T,QUVE,3/24/2017,1,2,1.5,1.4,1.3,4/19/2017,1,I3,7,3,05/03/2017,6,7,1.9,12.8
2/22/2017,541,22C,C,QUVE,3/24/2017,1,4,18.2,16.7,7.9,4/19/2017,1,I3,6,3,05/03/2017,4,16.3,15,14.5
2/22/2017,542,32C,C,QUVE,3/24/2017,1,3,5.9,5.5,7,4/19/2017,1,I3,6,9,05/03/2017,6,7,4.2,11.6
2/22/2017,543,32T,T,QUVE,3/24/2017,1,5,8.3,4.9,4,4/19/2017,1,I3,5,8,05/03/2017,6,8.4,3.9,11.7
2/22/2017,544,23T,T,QUVE,3/24/2017,1,1,6.1,5.9,6.6,4/19/2017,1,I3,5,9,05/03/2017,1,6.2,6,12.6
2/22/2017,545,22C,C,QUVE,3/24/2017,1,5,10.1,7.7,5.7,4/19/2017,1,I3,7,9,05/03/2017,5,9,6,9.6
2/22/2017,546,23T,T,QUVE,3/24/2017,1,4,8,7.4,4.7,4/19/2017,1,I3,7,5,05/03/2017,4,11.2,10.5,14.2
2/22/2017,547,11C,C,QUVE,3/24/2017,1,7,10.4,5.3,4.7,4/19/2017,1,I3,8,6,05/03/2017,6,10.8,4.6,14.2
2/22/2017,548,32C,C,QUVE,3/24/2017,1,5,10.9,10.2,4.7,4/19/2017,1,I3,7,1,05/03/2017,5,12.1,10.6,14.2
2/22/2017,549,24T,T,QUVE,3/24/2017,1,3,2.7,2.5,2.2,4/19/2017,1,I3,9,9,05/03/2017,5,3.7,3.1,3.2
2/22/2017,550,23T,T,QUVE,3/24/2017,1,3,3.9,3.6,2.1,4/19/2017,1,I3,9,4,05/03/2017,5,5.9,5.4,13.6
