patch_code,myrtus_presence,patch_size(ha),disturbance(proportion_of_nitrophilous_ruderal_spp),R1_2002,R2_2002,R5_2002,R1_1956,R2_1956,R5_1956,UTM30SX,UTM30SY
366,0,3.91,0.533,0.01245,0.00311,0.0005,0.01496,0.00374,0.0006,380429,4179999
367,0,3.54,0.522,0.01127,0.00282,0.00045,0.02248,0.02598,0.00479,355574,4190533
368,0,9.81,0.273,0.03124,0.00781,0.00125,0.21824,0.07752,0.015,306779,4184340
66,1,2.04,0.487,0.0065,0.00163,0.00026,0.00647,0.01494,0.00339,248491,4144865
9,0,14.15,0.721,0.04506,0.01126,0.0018,0.07198,0.0382,0.01798,248477,4128866
91,0,16.38,0.833,0.05214,0.01304,0.00209,0,0,0,283191,4103843
138,1,16.76,0.706,0.05336,0.01334,0.00213,0.01897,0.00474,0.00076,386443,4210462
182,0,5.48,0.5,0.01743,0.00436,0.00121,0.01963,0.03592,0.02161,148040,4145056
11,0,12.38,0.273,0.04264,0.0143,0.00229,0.07223,0.08822,0.03292,247611,4121267
94,0,23.18,0.667,0.08575,0.02144,0.00343,0.6312,0.33292,0.12487,294081,4162660
2119,0,4.04,0.765,0.01286,0.00321,0.00117,0.19267,0.05157,0.00915,246388,4049318
2046,0,8.53,0.444,0.04896,0.01274,0.00204,0.0505,0.01713,0.00326,226771,4072002
30,1,17.61,0.474,0.06846,0.02001,0.0032,0.20034,0.05934,0.01037,283814,4118353
2069,0,25.46,0.538,0.08105,0.02519,0.00403,0.102,0.03725,0.01104,228312,4057718
162,1,26.43,0.481,0.10179,0.02607,0.00417,0.33827,0.20383,0.05714,174531,4144617
2051,0,2.56,0.471,0.00815,0.00204,0.00112,0.01211,0.01561,0.00255,222661,4057164
110,0,13.05,0.644,0.04154,0.02006,0.00321,0.02985,0.04721,0.01053,225604,4159405
2047,0,5.7,0.533,0.04532,0.01274,0.00204,0.0505,0.01412,0.00326,226310,4071682
8,0,19.37,0.58,0.06168,0.01542,0.004,0.22676,0.09665,0.0298,248109,4135332
102,0,49.78,0.578,0.15847,0.03962,0.00634,0.06947,0.03241,0.00673,290230,4179177
286,0,13.34,0.25,0.04246,0.01372,0.00359,0.31337,0.13724,0.09778,153473,4121464
298,0,7.16,0.41,0.0228,0.0057,0.00279,0.03762,0.30275,0.40998,137308,4137809
10,0,4.58,0.718,0.01457,0.0143,0.00229,0.08732,0.06768,0.03042,246256,4122179
29,0,1.16,0.611,0.0037,0.00092,0.0011,0.01734,0.02649,0.00843,290545,4127743
351,0,3.9,0.368,0.01242,0.01372,0.00231,0.16969,0.08713,0.03462,151999,4122409
2094,1,32.16,0.345,0.10239,0.0256,0.00655,0.10752,0.02688,0.00816,218575,4038570
105,0,14.96,0.607,0.08703,0.02176,0.00483,0.39815,0.22062,0.05522,329094,4175780
109,0,12.16,0.529,0.0387,0.02006,0.00443,0.19283,0.05807,0.01633,224886,4160639
106,0,12.38,0.652,0.08703,0.02176,0.00483,0.43283,0.24444,0.05522,329626,4175342
1,0,23.59,0.645,0.07511,0.02824,0.00629,0.08261,0.04493,0.01257,255177,4142249
5,0,14.23,0.552,0.07551,0.01888,0.00518,0.28701,0.11358,0.02241,254032,4135781
2048,0,1.78,0.533,0.02057,0.01274,0.00204,0.02526,0.01829,0.00326,226431,4072929
2074,0,8.04,0.364,0.04488,0.01122,0.00423,0,0,0.0073,236566,4054693
2073,0,6.06,0.364,0.04488,0.01122,0.00379,0,0,0.00665,236321,4055082
107,1,10.56,0.597,0.03362,0.0084,0.00483,0.21638,0.25138,0.05522,330626,4177460
40,0,34.81,0.643,0.11083,0.02771,0.00768,0,0,0.00218,250740,4092784
31,1,3.63,0.636,0.03078,0.02001,0.0032,0.15937,0.05934,0.01037,284956,4118818
3,0,17.42,0.577,0.05546,0.0226,0.00629,0.07909,0.0352,0.01314,253208,4141816
51,0,0.63,0.591,0.002,0.0005,0.00172,0,0,0,271342,4092283
161,1,5.55,0.633,0.10399,0.02607,0.00417,0.43535,0.20088,0.0594,174187,4144152
2036,0,5.55,0.75,0.04309,0.02659,0.00425,0,0,0.00029,225892,4064015
301,0,56.54,0.364,0.19167,0.05235,0.01147,0.16812,0.21404,0.38696,133037,4142408
3028,0,15.35,0.65,0.09939,0.02485,0.00786,0.27267,0.31169,0.14333,166335,4139159
39,0,76.7,0.595,0.24385,0.06581,0.013,0.03361,0.0582,0.02527,238202,4087020
350,0,12.05,0.667,0.03837,0.00959,0.00765,0.03308,0.01347,0.03769,250446,4137242
307,0,36.48,0.377,0.13871,0.04018,0.01106,0.33547,0.12544,0.06117,128392,4133770
3003,1,106.87,0.35,0.30809,0.08505,0.01493,0,0.10328,0.23747,141540,4142845
206,1,94.63,0.239,0.29889,0.08263,0.01476,0.46007,0.20486,0.10339,184834,4132654
6,0,2.99,0.566,0.05286,0.01987,0.0056,0.31677,0.11661,0.02381,253644,4136379
2083,0,26.87,0.188,0.1134,0.02866,0.01188,0.16192,0.04065,0.02231,215047,4048429
281,1,28.26,0.4,0.08998,0.02249,0.01209,0.32496,0.19322,0.12812,178721,4140238
134,0,33.25,0.457,0.12055,0.04326,0.01281,0.01402,0.00746,0.0024,380288,4160683
2035,0,18.29,0.414,0.07978,0.03845,0.01091,0.07756,0.03913,0.0676,265991,4070036
131,0,3.12,0.727,0.00994,0.00344,0.00649,0,0,0,395839,4151869
77,0,58.87,0.75,0.18759,0.0529,0.0152,0.21795,0.07814,0.09106,219273,4135123
306,1,18.02,0.347,0.05736,0.01434,0.01111,0.12863,0.21903,0.17373,130154,4137891
52,1,84.36,0.5,0.26855,0.06713,0.01689,0.25813,0.06453,0.01283,232176,4123207
13,0,138.57,0.682,0.40435,0.11979,0.01916,0.36944,0.12681,0.02352,213650,4143777
136,0,2.9,0.65,0.00922,0.0023,0.00675,0.01014,0.00254,0.00131,376472,4160368
2,0,3.48,0.694,0.021,0.02754,0.00722,0.02842,0.04013,0.01854,255101,4141067
299,0,12.09,0.459,0.04626,0.01972,0.01117,0.03895,0.20788,0.31394,133406,4144650
132,0,5.35,0.727,0.01702,0.00464,0.0093,0,0,0,397729,4152727
85,0,32.6,0.422,0.11021,0.02795,0.01535,0.7,0.51059,0.24763,222662,4132115
3023,1,48.31,0.417,0.15378,0.03844,0.01689,0.05117,0.01565,0.01302,236067,4125096
165,0,15.87,0.588,0.09939,0.02485,0.01296,0.42297,0.33121,0.15051,166708,4138658
2034,0,30.02,0.455,0.12899,0.03845,0.01525,0.11665,0.03913,0.04113,266763,4069382
2132,0,35.7,0.727,0.14227,0.04374,0.01594,0.38788,0.21593,0.10154,244686,4031456
319,0,81.38,0.489,0.21501,0.06704,0.01934,0.21672,0.06761,0.06818,118416,4125910
41,0,2.74,0.6,0.01628,0.00624,0.0083,0,0,0.03598,250288,4094947
2002,0,57.93,0.313,0.18991,0.07714,0.01825,0,0,0.01613,254527,4078122
42,0,2.38,0.628,0.01628,0.00497,0.0083,0,0,0.03674,249992,4095003
2003,0,48.2,0.143,0.1537,0.08414,0.01825,0,0,0.01613,253070,4077751
2041,0,4.68,0.75,0.0149,0.00373,0.01022,0,0,0.02147,231316,4063669
2228,1,26.88,0.364,0.17607,0.05691,0.01598,0.45778,0.20949,0.05866,230542,4018878
92,0,2.08,0.667,0.00664,0.00166,0.00876,0,0.00294,0.01045,279062,4108420
4,1,4.91,0.571,0.01564,0.00392,0.01085,0.01689,0.0135,0.03031,253119,4138393
163,0,0.78,0.516,0.01607,0.02607,0.00763,0.30324,0.21265,0.07362,173255,4144225
365,0,20.64,0.316,0.08338,0.02127,0.01606,0.85037,0.44242,0.14769,160907,4155640
304,0,11.52,0.355,0.03667,0.0242,0.01467,0.05015,0.1385,0.36298,133188,4140269
16,0,162.61,0.522,0.43101,0.12941,0.02618,0.5225,0.30596,0.08293,213908,4153473
309,0,1.32,0.4,0.0064,0.00524,0.00951,0.02818,0.06083,0.10049,128654,4136035
181,1,3.82,0.306,0.01218,0.00304,0.01196,0.63548,0.60173,0.17296,141632,4147678
2076,0,5.12,0.667,0.01629,0.00624,0.01327,0,0.00152,0.01891,240478,4052557
60,0,102.27,0.722,0.33799,0.12779,0.02614,0,0,0.02744,216464,4158497
208,1,4.97,0.257,0.08668,0.07895,0.01371,0.25909,0.15476,0.10867,184411,4133830
360,1,6.6,0.371,0.021,0.02534,0.01463,0,0.13956,0.45429,138790,4143331
2116,0,89.92,0.429,0.28317,0.10191,0.02573,0.42758,0.17074,0.06488,253112,4059045
296,0,5.03,0.267,0.05719,0.02402,0.01433,0.36756,0.2891,0.25524,133012,4131418
303,0,3.8,0.5,0.11675,0.05824,0.01353,0.11874,0.24139,0.39521,133287,4141537
118,0,4.51,0.6,0.01436,0.00359,0.01454,0.0161,0.00402,0.00306,373303,4141618
3008,0,45.01,0.538,0.14329,0.05955,0.02385,0.14978,0.04191,0.00918,269320,4073342
2054,1,89.14,0.176,0.28368,0.08063,0.02724,0.53787,0.37348,0.11804,219730,4050121
312,0,2.79,0.383,0.02161,0.02318,0.01355,0.07118,0.07561,0.08136,126750,4134741
174,0,6.09,0.471,0.08233,0.02127,0.01604,0.79428,0.50725,0.13857,160867,4156414
308,0,7.32,0.533,0.11139,0.03486,0.01742,0.27908,0.11475,0.05949,128320,4132960
2084,0,9.14,0.231,0.08523,0.02866,0.01828,0.08092,0.04065,0.03441,215636,4047834
2121,0,114.15,0.609,0.3634,0.11734,0.03019,0.48504,0.21423,0.07991,236713,4061793
2209,1,240.29,0.269,0.70055,0.19123,0.03434,0.39289,0.20004,0.05951,293423,4016505
15,0,35.37,0.526,0.1126,0.02815,0.02521,0.3129,0.12207,0.07616,215126,4150089
2016,0,18.38,0.417,0.09392,0.04648,0.02219,0.17621,0.09139,0.04419,257498,4063304
3029,1,113.35,0.418,0.30366,0.10447,0.03168,0.38036,0.14339,0.07398,163025,4150120
297,0,2.88,0.3,0.01139,0.01822,0.01576,0.16205,0.07603,0.15064,131715,4132451
2131,0,19.26,0.727,0.11863,0.04374,0.02308,0.37731,0.19453,0.12824,244182,4030613
133,0,295.53,0.583,0.68186,0.23519,0.03763,0,0,0,398209,4158170
63,0,33.66,0.566,0.11211,0.03552,0.02614,0,0.03995,0.00847,219187,4161188
28,0,5.11,0.512,0.01628,0.00594,0.01814,0.05614,0.02268,0.02846,288788,4129423
2227,1,44.63,0.429,0.2143,0.05691,0.02791,0.35495,0.23946,0.07924,231356,4018916
2033,0,32.84,0.273,0.10456,0.06101,0.02645,0.01787,0.04191,0.00671,270682,4074514
341,1,112.33,0.35,0.32913,0.12157,0.03427,0.87337,0.57485,0.25435,116582,4131444
93,0,301.9,0.432,0.83536,0.24026,0.04025,0,0.00531,0.00085,272831,4097940
3017,1,273.15,0.182,0.76429,0.21738,0.03967,0.57071,0.20392,0.07232,221880,4030844
157,0,18,0.28,0.06697,0.06703,0.02496,0.09817,0.23607,0.34121,160304,4130588
2013,0,11.12,0.417,0.09392,0.04827,0.02291,0.19136,0.10622,0.04103,257949,4063459
84,0,2.52,0.7,0.06867,0.02795,0.01766,0.68178,0.44702,0.24947,221726,4132072
211,1,0.69,0.467,0.14228,0.0781,0.01485,0.40641,0.15656,0.12258,183822,4133208
3022,0,332.17,0.573,0.68479,0.26402,0.04308,0,0.00043,0.0011,260265,4095433
2123,0,8.95,0.429,0.06207,0.10003,0.02351,0.06927,0.16867,0.04918,254415,4058483
327,1,64.52,0.347,0.20541,0.10286,0.03427,0.5042,0.25375,0.17552,121877,4135942
342,0,29.94,0.476,0.11466,0.09629,0.03013,0.46325,0.34615,0.19721,115249,4132211
321,0,219.92,0.273,0.60328,0.18882,0.04203,0.37463,0.13188,0.03526,126449,4127770
328,0,54.67,0.455,0.21767,0.11019,0.03379,0.05348,0.09789,0.15181,120065,4137020
2090,0,128.04,0.609,0.34652,0.12118,0.03933,0.07441,0.14021,0.11068,222260,4044569
2087,1,39.9,0.154,0.1335,0.06438,0.03297,0.14283,0.07686,0.0665,220249,4043286
156,1,2.48,0.467,0.01821,0.02274,0.02058,0.4172,0.45455,0.39906,159610,4129697
3025,1,341.36,0.438,0.77094,0.27166,0.04649,0.22445,0.09702,0.01771,272179,4170868
2117,0,10.87,0.429,0.0398,0.05247,0.02668,0.19789,0.09699,0.09341,251541,4057942
2122,0,26.88,0.429,0.10648,0.08608,0.03202,0.28802,0.18739,0.05174,254793,4059408
32,0,379.61,0.762,0.82104,0.29623,0.04833,0.91171,0.4177,0.09332,275151,4112608
64,0,10.97,0.638,0.05667,0.03552,0.02761,0.15496,0.03995,0.01316,220027,4160496
320,0,40.51,0.431,0.09807,0.03236,0.03464,0.13031,0.04233,0.0783,121603,4126248
294,0,7.28,0.286,0.06435,0.02009,0.0266,0.07712,0.12395,0.19081,132182,4130300
3004,0,90.78,0.632,0.22647,0.1181,0.04025,0.36666,0.27788,0.1564,205723,4137342
2139,1,101.07,0.306,0.31974,0.09465,0.04145,0.58344,0.52929,0.19627,236979,4033539
2216,0,29.43,0.4,0.0937,0.02342,0.03448,0.2253,0.10393,0.06054,291548,4018764
127,0,0.91,0.757,0.01613,0.00691,0.02093,0.01212,0.00412,0.00298,376491,4134907
187,0,13.96,0.429,0.08457,0.06675,0.03154,0.16838,0.10176,0.11599,161356,4148578
2056,0,22.55,0.231,0.05415,0.03459,0.03525,0.11109,0.30027,0.13614,221915,4049513
2110,1,4.67,0.636,0.01487,0.00372,0.0286,0,0.01649,0.06288,250168,4054138
313,1,5.47,0.355,0.02299,0.01018,0.02934,0.0149,0.01028,0.12404,114441,4129063
35,0,26.13,0.537,0.0832,0.0208,0.03753,0.36998,0.1783,0.06833,209554,4121039
334,0,38.37,0.414,0.14605,0.17758,0.04001,0.30917,0.35434,0.25241,120333,4135138
135,0,15.85,0.6,0.07225,0.04704,0.03494,0.00572,0.0097,0.0024,380139,4159491
2118,0,1.63,0.429,0.08825,0.07676,0.025,0.15989,0.14064,0.08738,252282,4057965
335,0,14.58,0.435,0.06352,0.03237,0.03495,0.28185,0.25551,0.27011,121223,4130273
2184,0,22.85,0.576,0.07274,0.02786,0.0378,0.08753,0.12585,0.14472,235264,4021675
2092,0,18.72,0.609,0.11458,0.10787,0.03729,0.30527,0.12089,0.08792,222726,4043358
325,1,33.61,0.261,0.10701,0.03472,0.04187,0.0659,0.06599,0.17778,123158,4129620
121,0,1.89,0.5,0.0438,0.01634,0.02808,0.02779,0.00801,0.00512,377046,4137711
332,1,6.65,0.308,0.27235,0.16033,0.0341,0.09338,0.16879,0.19372,119978,4136316
18,0,139.59,0.722,0.44137,0.14065,0.05285,0.5516,0.37779,0.19951,204778,4139165
2154,0,20.58,0.609,0.07055,0.05577,0.04108,0.48038,0.23181,0.18417,225723,4028851
330,0,18.35,0.455,0.24056,0.16586,0.04154,0.09227,0.19072,0.24178,119441,4135590
205,0,0.28,0.55,0.03907,0.06972,0.02618,0.25019,0.13524,0.11983,185908,4131636
50,0,14.24,0.534,0.04533,0.01133,0.04025,0,0,0.00085,276028,4096017
86,0,232.49,0.533,0.63435,0.29885,0.05933,0.58927,0.35457,0.08065,331098,4126389
329,1,3.89,0.308,0.1858,0.14179,0.03386,0.07701,0.09344,0.20081,119408,4136297
3009,1,75.21,0.565,0.23945,0.05996,0.05216,0.54696,0.23052,0.07942,240527,4060130
2091,0,5.51,0.609,0.15551,0.11815,0.03741,0.21466,0.1239,0.08695,221253,4043381
195,1,233.65,0.37,0.52101,0.23004,0.06237,0.75852,0.68723,0.34284,191345,4130420
318,0,10.49,0.378,0.04531,0.08618,0.04143,0.32977,0.44349,0.26991,117449,4130138
65,0,23.73,0.577,0.07556,0.01894,0.04649,0.05435,0.01517,0.01771,269602,4169281
194,1,93.15,0.338,0.27858,0.19002,0.05664,0.97048,0.79725,0.45362,193081,4130731
2124,0,13.53,0.429,0.04308,0.03629,0.04427,0.16418,0.08438,0.06011,256185,4060877
317,0,3.31,0.345,0.0196,0.01723,0.0367,0.04413,0.06644,0.19834,116310,4128863
2085,0,5.47,0.333,0.01741,0.00865,0.03955,0.03106,0.01507,0.10372,217961,4046660
2151,1,20.77,0.288,0.08288,0.04091,0.04774,0.13766,0.22318,0.26741,233374,4029502
316,0,2.23,0.346,0.02359,0.01177,0.03574,0.03191,0.0529,0.17811,115707,4128863
355,0,4.84,0.438,0.03186,0.02398,0.04022,0.0266,0.00976,0.002,381756,4159176
344,1,30.76,0.259,0.18882,0.11805,0.05153,0.10586,0.22522,0.27704,118838,4135093
349,1,2.43,0.375,0.06312,0.04723,0.03756,0.13112,0.14127,0.23687,121818,4129678
2125,0,5.75,0.429,0.12129,0.074,0.04205,0.07941,0.05937,0.04804,258135,4061791
323,0,8.14,0.179,0.15318,0.14992,0.04407,0.09601,0.10074,0.03126,127943,4128174
34,1,66.32,0.406,0.23621,0.06782,0.05808,0.87931,0.47952,0.24399,201873,4138421
2221,1,88.93,0.071,0.30051,0.12984,0.0605,0.6892,0.4508,0.21467,239297,4020331
2149,0,17.6,0.538,0.0663,0.08647,0.04924,0.20206,0.18617,0.21066,234415,4028310
179,1,294.03,0.345,0.57821,0.2362,0.0703,0,0.01485,0.17935,152976,4148786
160,1,6.84,0.333,0.12867,0.08307,0.0443,0.28129,0.35161,0.3904,161532,4130096
17,0,0.69,0.629,0.10554,0.0917,0.03524,0.15125,0.15917,0.12128,206597,4137344
158,1,73.76,0.302,0.25409,0.08483,0.06087,0.28278,0.257,0.30073,161955,4131064
2113,1,17.27,0.346,0.05808,0.0358,0.05087,0.47111,0.18881,0.12232,248607,4060070
345,1,37.42,0.56,0.17217,0.1022,0.05637,0.44389,0.49114,0.31321,119241,4134175
2180,1,24.45,0.375,0.11376,0.07686,0.05355,0.45753,0.34117,0.19098,242160,4027524
322,0,6.64,0.545,0.07373,0.09353,0.04559,0.05829,0.04398,0.0349,128467,4128229
103,0,250.5,0.629,0.62518,0.19931,0.07205,0.65943,0.2407,0.09075,296101,4177495
274,1,24.53,0.368,0.19908,0.08264,0.05543,0.65045,0.66371,0.41295,164510,4126889
82,1,9.22,0.276,0.05858,0.06437,0.04915,0.64066,0.58638,0.28808,223504,4127993
2004,0,37.22,0.412,0.1185,0.02962,0.05896,0.07009,0.09691,0.07686,254610,4075122
3011,1,165.28,0.268,0.50985,0.2115,0.07192,0.64751,0.38122,0.13801,246144,4055890
3006,1,275.79,0.438,0.57146,0.26444,0.07633,0.86476,0.51988,0.22223,256936,4071557
33,0,18.91,0.489,0.11466,0.0997,0.05583,0.77548,0.50526,0.28822,201011,4137798
338,0,1.78,0.308,0.04415,0.02048,0.04252,0.25855,0.34726,0.28297,120399,4129672
2152,1,3.98,0.3,0.08551,0.04775,0.04644,0.09678,0.22158,0.25341,233551,4029131
2126,0,52.43,0.429,0.18306,0.05201,0.06399,0.12876,0.03837,0.04604,258560,4061177
2100,1,35.03,0.321,0.11164,0.11865,0.06139,0.29646,0.20078,0.1072,245186,4054416
152,1,56.08,0.563,0.22446,0.08647,0.06591,0.38581,0.13417,0.11772,157362,4144566
3012,1,185.9,0.333,0.45627,0.16756,0.07649,0.49053,0.34221,0.25697,237510,4030418
3001,1,468.88,0.623,0.7161,0.35988,0.08447,0.67332,0.36412,0.0996,300283,4179980
2150,0,39.93,0.364,0.15973,0.10392,0.06443,0.45021,0.18982,0.2064,235674,4028255
2186,0,33.67,0.32,0.2404,0.11618,0.06404,0.66213,0.48788,0.20634,237299,4020273
2077,0,87.71,0.083,0.33605,0.11268,0.07189,0.14746,0.06657,0.13178,243088,4059320
3016,0,156.14,0.441,0.38921,0.15946,0.08084,0.60672,0.39136,0.15118,238574,4015206
2215,0,19.72,0.581,0.06277,0.01569,0.0642,0.27712,0.18697,0.14525,287089,4021588
3002,1,32.41,0.455,0.18864,0.07042,0.06836,0.14611,0.11464,0.14652,157819,4145374
3010,1,103.65,0.346,0.32588,0.18173,0.07783,0.3672,0.31759,0.14825,245042,4058144
2112,0,14.54,0.4,0.08822,0.0358,0.06296,0.2358,0.25195,0.14065,248447,4058505
90,0,0.93,0.469,0.04775,0.01284,0.04798,0.15873,0.07691,0.05909,335295,4124210
2198,1,26.38,0.55,0.09229,0.03996,0.06778,0.16135,0.15455,0.1577,241006,4016591
2097,0,27.55,0.154,0.11873,0.04738,0.06882,0.09277,0.06246,0.08934,241700,4055257
2148,0,17.45,0.458,0.12585,0.08213,0.06558,0.0973,0.15913,0.19349,236558,4027905
343,1,2.13,0.278,0.11216,0.08811,0.0526,0.05592,0.18346,0.28376,118318,4134957
2185,0,12.15,0.667,0.04115,0.06733,0.06369,0.38421,0.32878,0.20388,235864,4020495
2179,0,2.74,0.692,0.08655,0.05403,0.05429,0.32404,0.26584,0.19195,242576,4027874
273,1,72.25,0.333,0.29132,0.10186,0.07909,0.63285,0.52613,0.40269,164382,4127781
2103,1,28.87,0.3,0.27069,0.22909,0.0719,0.52058,0.41532,0.14524,246521,4057090
2140,0,4.52,0.467,0.19159,0.11856,0.05956,0.38661,0.43625,0.22588,237416,4032500
2182,0,18.79,0.333,0.15415,0.09973,0.07059,0.14882,0.08456,0.08424,251429,4039717
89,0,4.07,0.718,0.02402,0.02063,0.06043,0.18631,0.09794,0.07732,334710,4124608
2137,0,53.29,0.538,0.29613,0.14248,0.08184,0.67232,0.39246,0.2025,239659,4028146
2109,1,1.99,0.282,0.07201,0.1316,0.05871,0.24894,0.284,0.14195,247640,4055894
2141,0,11.2,0.467,0.08635,0.1689,0.06989,0.44614,0.42128,0.25316,237438,4031848
3030,1,258.12,0.533,0.41474,0.2443,0.09849,0.55867,0.31916,0.22316,155360,4148258
2142,0,10.38,0.467,0.13319,0.18363,0.07114,0.66069,0.45654,0.26191,237107,4031480
346,1,67.63,0.342,0.21531,0.0737,0.08679,0.281,0.38696,0.28976,169898,4127548
2193,0,147.2,0.182,0.40384,0.17726,0.09406,0.54667,0.3056,0.20182,236249,4016377
81,0,24.18,0.654,0.12226,0.14919,0.07924,0.39112,0.3419,0.28065,222804,4126293
2190,0,59.64,0.7,0.18987,0.07947,0.08712,0.45458,0.34962,0.24274,238882,4018222
2135,0,16.29,0.667,0.05187,0.02139,0.0769,0.06444,0.12506,0.17951,240750,4030377
3031,1,193.04,0.435,0.57824,0.15362,0.09875,0.71976,0.24891,0.11621,189731,4139112
3015,1,26.8,0.528,0.08638,0.17265,0.08265,0.39635,0.42014,0.19109,239952,4016152
189,1,81.52,0.172,0.25953,0.06631,0.09257,0.37323,0.33067,0.4508,200196,4131584
276,1,61.39,0.385,0.2086,0.10471,0.0904,0.268,0.21917,0.18864,175105,4137701
2096,1,10.89,0.182,0.09897,0.05826,0.07702,0.12119,0.06598,0.10051,242449,4055669
2098,0,11.23,0.467,0.05257,0.09399,0.07987,0.04341,0.13851,0.135,243529,4056833
2191,0,17.61,0.318,0.12101,0.13663,0.08619,0.24463,0.13205,0.18529,234566,4016943
114,1,52.29,0.5,0.19206,0.05936,0.09695,0.04826,0.01351,0.00421,376494,4141849
2183,0,7.84,0.455,0.2572,0.12564,0.08269,0.22501,0.15055,0.07422,252373,4040281
3021,1,243.86,0.331,0.71967,0.19407,0.11503,0.20793,0.16829,0.27818,207275,4124631
38,1,87.44,0.394,0.27837,0.0698,0.10694,0.46334,0.15561,0.20123,208766,4127187
23,1,352.21,0.406,0.63184,0.37609,0.12207,0.68137,0.44562,0.15628,283248,4125617
25,1,301.63,0.411,0.757,0.31109,0.12207,0.88681,0.46433,0.15541,281502,4127835
3013,1,104.2,0.19,0.36825,0.12467,0.11218,0.37046,0.17671,0.08593,253012,4039524
73,0,13.25,0.571,0.15202,0.18171,0.09384,0.65586,0.51607,0.29735,214310,4132280
2189,0,6.01,0.429,0.06508,0.10383,0.08757,0.28514,0.36734,0.23469,236999,4019301
203,1,473.53,0.363,0.91569,0.44926,0.13116,0.92899,0.64206,0.23602,193247,4140537
24,0,205.03,0.444,0.54056,0.33385,0.12256,0.5349,0.37499,0.16277,284594,4126864
240,1,265.94,0.191,0.65085,0.21164,0.12569,0.97233,0.84809,0.48924,174928,4122413
2127,0,6.96,0.429,0.04252,0.04993,0.09242,0.03272,0.07866,0.05127,257425,4059940
277,0,1.29,0.417,0.15337,0.06061,0.08339,0.24035,0.18882,0.16749,175690,4138154
3019,1,751.91,0.152,0.4423,0.32824,0.14175,0.39685,0.43188,0.29202,174640,4135004
2201,0,120.6,0.633,0.29026,0.12672,0.12391,0.0204,0.05551,0.10665,234197,4014939
3005,1,445.36,0.398,0.64308,0.45217,0.14135,0.63276,0.58648,0.33915,193263,4138407
3026,0,70.05,0.417,0.26779,0.18522,0.12206,0.48633,0.29187,0.15549,282758,4129339
2192,0,42.58,0.213,0.15815,0.17212,0.11804,0.27004,0.28762,0.14775,236523,4014896
267,1,43.79,0.269,0.28483,0.18252,0.12156,0.16239,0.20083,0.19062,164956,4132681
70,1,4.95,0.226,0.07407,0.0944,0.10204,0.49815,0.38836,0.28578,215726,4132478
3020,1,234.19,0.344,0.62645,0.25571,0.14197,0.5538,0.24958,0.21515,166016,4133429
3032,1,270.36,0.315,0.46062,0.31206,0.14437,0.41405,0.24067,0.314,169192,4129827
111,0,1.12,0.485,0.00831,0.02303,0.10565,0.00316,0.0018,0.00103,374802,4146816
2165,0,20.21,0.455,0.12907,0.15616,0.1317,0.37375,0.23987,0.06428,253842,4040578
116,0,6.92,0.583,0.12275,0.12665,0.12214,0.04864,0.01351,0.00369,377129,4142477
3014,1,182.48,0.381,0.55444,0.14523,0.15751,0.62856,0.22699,0.08805,251775,4035488
261,0,184.28,0.345,0.49476,0.34433,0.15908,0.25377,0.26551,0.23007,167542,4130935
79,0,134.83,0.55,0.42176,0.1681,0.15585,0.60481,0.28308,0.38086,221278,4126475
204,1,2.41,0.5,0.00766,0.00987,0.1169,0.02512,0.04617,0.19979,185266,4129853
280,1,37.16,0.35,0.19665,0.16296,0.15206,0.1977,0.18329,0.28634,166057,4130385
3024,1,341.29,0.412,0.69014,0.27826,0.1792,0.93059,0.8015,0.3897,213968,4130512
362,1,7.11,0.214,0.20405,0.16711,0.14132,0.39762,0.25017,0.21723,167480,4134031
200,0,4.09,0.219,0.23375,0.23952,0.13821,0.21864,0.28086,0.40153,193042,4136851
263,0,9.13,0.333,0.2485,0.25799,0.14711,0.11409,0.23391,0.21296,165583,4132270
260,0,40.34,0.368,0.2464,0.25452,0.16363,0.20024,0.31684,0.20253,168824,4132047
247,1,225.88,0.193,0.65707,0.29751,0.18609,0.52628,0.37958,0.36013,174999,4129123
2170,1,11.57,0.167,0.10979,0.12513,0.15607,0.33063,0.22936,0.06082,254511,4041103
258,0,26.71,0.389,0.27678,0.25663,0.16928,0.19843,0.28662,0.2315,169395,4131682
3018,1,532.92,0.133,0.80713,0.4668,0.20601,0.6322,0.62066,0.36807,176836,4130534
259,1,14.4,0.385,0.2533,0.24837,0.16456,0.19216,0.24125,0.25718,169750,4131166
192,0,3.02,0.256,0.05699,0.16109,0.16308,0.6932,0.5034,0.41774,202480,4130343
113,0,1.56,0.759,0.04209,0.03722,0.16832,0.04115,0.0018,0.001,375954,4147260
347,1,33.88,0.194,0.12721,0.16451,0.21103,0.58716,0.5318,0.46785,216194,4130675
363,1,4.19,0.308,0.01745,0.01225,0.19756,0.46947,0.36066,0.48446,219454,4129443
348,0,6.08,0.727,0.10928,0.06882,0.20709,0.22998,0.31163,0.47879,216983,4130625
3027,1,2024.9,0.399,0.98475,0.82594,0.30116,0.99812,0.97021,0.52391,216597,4126669
364,0,1.29,0.385,0.01745,0.0599,0.21082,0.56688,0.39524,0.49969,219445,4128936
214,1,35.49,0.308,0.22923,0.17676,0.25089,0.59888,0.38034,0.41584,191739,4126856
59,1,28.25,0.545,0.24369,0.30837,0.25172,0.64944,0.6376,0.33727,216982,4124064
193,1,15.01,0.29,0.04777,0.06558,0.24856,0.3142,0.30108,0.61068,195908,4128150
238,1,10.8,0.346,0.0667,0.057,0.24701,0.59197,0.67969,0.4545,177217,4120344
2210,0,8.9,0.615,0.05531,0.12099,0.25297,0.04307,0.00402,0.00127,281195,4033845
233,0,4.22,0.294,0.02385,0.02461,0.25592,0.44829,0.50531,0.35212,173751,4120069
235,0,0.82,0.167,0.04029,0.05936,0.24342,0.73901,0.64354,0.39575,174654,4120071
218,0,1.88,0.462,0.01928,0.00958,0.27778,0.11301,0.11399,0.29219,187543,4127692
228,0,22.08,0.182,0.29179,0.38361,0.33355,0.77035,0.43277,0.25954,180740,4118274
229,1,12.64,0,0.08302,0.09699,0.33961,0.4067,0.43701,0.38474,177739,4118651
232,1,5.74,0.222,0.02806,0.0358,0.33305,0.56409,0.48207,0.35411,174547,4119264
217,0,1.08,0.462,0.02371,0.06347,0.32394,0.21252,0.16583,0.28883,187522,4127073
216,0,2.81,0.357,0.0288,0.08112,0.33659,0.23052,0.18664,0.28415,187473,4126895
226,0,212.65,0.276,0.58073,0.30546,0.39892,0.39974,0.31469,0.20726,180587,4116403
231,0,3.21,0.217,0.05409,0.06679,0.35044,0.52399,0.44052,0.39979,177259,4118751
237,1,8.19,0.279,0.28107,0.25028,0.36541,0.30795,0.21626,0.29161,181020,4119828
224,1,6.35,0.133,0.0907,0.10133,0.36982,0.82436,0.58413,0.41266,179096,4122003
230,0,1.14,0.235,0.05409,0.0586,0.35301,0.63489,0.441,0.40345,177020,4118792
222,1,11.19,0.121,0.0907,0.20851,0.39763,0.90845,0.55113,0.41654,179234,4122476
215,0,3.08,0.49,0.0882,0.21235,0.40336,0.29929,0.29186,0.27258,187087,4126159
352,1,8.35,0.2,0.40314,0.52016,0.47297,0.44236,0.46595,0.25012,184874,4126029
239,1,3.7,0.3,0.3693,0.52284,0.4861,0.40338,0.45465,0.25712,185164,4125788
