Urban,Agriculture,BIBI,Nitrate,Phosphate
0,41.7109458,2.109998703,0.326,0.0007
0,41.67107351,1.43999958,0.276,0.0034
10.14099783,24.56616052,2.559999466,0.081,0.0007
0,41.90325973,1.88999939,0.286,0.0032
4.451650943,0.874606918,3.88999939,0.035,0.0007
2.905287623,2.324230099,3.439998627,0.061,0.0041
1.340086525,11.42766698,2.779998779,0.897,0.0007
15.31839753,68.07195674,3,3.602,0.005
14.609375,69.0625,1.569999695,3.067,0.0436
25,68.44262295,1.569999695,3.88,0.067
5.343901815,61.76595926,2.709999084,0.755,0.039
12.03931204,58.23095823,1.859999657,2.535,0.0261
6.333635443,34.28853228,3,1.371,0.0043
3.482587065,39.55223881,2.714284897,0.976,0.0007
11.98630137,84.07534247,2.777776718,6.266,0.0216
0.61155677,32.52931065,2.714284897,0.214,0.0073
0.61155677,32.52931065,4.13999939,0.174,0.0123
0.61155677,32.52931065,3.569999695,0.001,0.0091
1.421309264,20.94615624,1.285714149,0.027,0.0102
1.421309264,20.94615624,1.569999695,0.004,0.0114
1.421309264,20.94615624,1,0.032,0.0007
1.421309264,20.94615624,1.289999962,0.182,0.004
2.365184484,28.66603595,4.709999084,0.001,0.0076
2.365184484,28.66603595,4.709999084,0.001,0.0121
10.68238544,50.74957223,4.42999649,3.86,0.0019
10.68238544,50.74957223,3.859998703,6.185,0.0044
10.68238544,50.74957223,3,2.453,0.0037
10.68238544,50.74957223,3.285713196,4.328,0.004
3.185147946,68.97443263,3.289999008,5.283,0.0007
10.45531197,36.68995423,3,1.101,0.0256
3.577817531,43.11270125,2.709999084,0.107,0.0114
2.804516176,20.55800825,4.709999084,0.09,0.0045
2.804516176,20.55800825,3,0.388,0.0007
2.804516176,20.55800825,4.142856598,0.187,0.0035
0,20.9561753,4.142856598,0.15,0.0097
0,20.9561753,4.13999939,0.096,0.0164
3.159602902,25.21000382,4.709999084,0.036,0.0099
3.159602902,25.21000382,3,0.09,0.0073
3.159602902,25.21000382,3.289999008,0.019,0.0047
3.708530806,30.72274882,3.285713196,0.352,0.008
3.708530806,30.72274882,3.859998703,0.536,0.0075
3.708530806,30.72274882,4.13999939,0.213,0.0124
0.490596893,81.39820114,1,12.019,0.0007
17.05547061,18.54229437,3,0.122,0.0056
17.05547061,18.54229437,3,0.247,0.0007
17.05547061,18.54229437,3.571428299,0.193,0.006
0.144161461,38.92359443,1.859999657,0.109,0.0254
0.144161461,38.92359443,2.709999084,0.303,0.0183
0.144161461,38.92359443,2.714284897,0.254,0.0137
0.144161461,38.92359443,2.429998398,0.361,0.0106
1.031215162,53.23299889,1.285714149,3.564,0.0048
0.078636959,26.44823067,1.857142448,0.064,0.0085
0.078636959,26.44823067,1.569999695,0.029,0.0093
0.078636959,26.44823067,1.859999657,0.169,0.0071
0.078636959,26.44823067,1.859999657,0.072,0.0043
0.162581898,33.83402087,3,0.35,0.0083
0.705019741,80.87986464,3.289999008,0.021,0.0049
0.705019741,80.87986464,3.857141495,0.303,0.0046
48.98741762,18.49011384,2.109998703,1.728,0.0007
4.687404135,38.99012209,3.439998627,0.96,0.0007
4.687404135,38.99012209,2.779998779,1.167,0.0112
4.687404135,38.99012209,3.222221375,1.503,0.0007
17.39469579,37.49349974,3.88999939,3.169,0.0037
17.39469579,37.49349974,3.666666031,2.756,0.0007
17.39469579,37.49349974,4.109996796,2.649,0.0007
1.492537313,38.99253731,4.329998016,1.21,0.0057
1.492537313,38.99253731,3.88999939,1.265,0.0007
1.492537313,38.99253731,3.444442749,1.187,0.0035
2.038834951,37.81553398,3.669998169,1.594,0.0025
2.038834951,37.81553398,3.444442749,1.718,0.0007
74.28115016,22.36421725,2.329999924,5.901,0.0019
74.28115016,22.36421725,2.111110687,5.529,0.0053
74.28115016,22.36421725,2.111110687,5.632,0.0036
74.28115016,22.36421725,2.111110687,4.118,0.0007
74.28115016,22.36421725,2.559999466,4.412,0.0007
74.28115016,22.36421725,2.779998779,5.879,0.0007
0.757575758,20.35353535,3.88999939,0.516,0.0007
0.757575758,20.35353535,4.329998016,0.656,0.0007
0.757575758,20.35353535,2.777776718,0.775,0.0007
6.142563429,9.334661608,3.444442749,0.905,0.0038
6.142563429,9.334661608,4.329998016,0.519,0.0007
6.142563429,9.334661608,3.669998169,0.791,0.0046
1.797752809,7.95505618,4.559997559,0.57,0.0061
1.797752809,7.95505618,4.333332062,0.626,0.0078
1.797752809,7.95505618,3.88999939,0.557,0.0067
3.886140852,11.96773819,4.779998779,0.995,0.0007
3.886140852,11.96773819,4.333332062,0.76,0.0007
3.886140852,11.96773819,4.329998016,0.871,0.0007
3.642078424,21.15790399,3.888887405,0.6,0.0037
3.642078424,21.15790399,3.88999939,0.738,0.0007
3.642078424,21.15790399,3.88999939,1.234,0.0007
5.16316269,6.710424189,3.222221375,0.546,0.0007
5.16316269,6.710424189,3.219999313,0.256,0.0007
5.16316269,6.710424189,3.88999939,0.301,0.0007
6.851239428,37.90863063,3.666666031,1.908,0.0007
24.1773309,74.7714808,2.559999466,11.359,0.0099
1.765536723,13.20621469,4.111110687,0.295,0.003
4.624757685,57.96178344,3.669998169,1.599,0.0044
4.624757685,57.96178344,3.88999939,1.456,0.0029
0.457491422,0,4.329998016,1.141,0.0107
0.457491422,0,4.559997559,1.888,0.0112
5.022683085,57.61503564,3.444442749,1.888,0.0036
3.989478299,0,3.888887405,0.43,0.0007
3.989478299,0,4.559997559,0.189,0.0007
3.208895949,0.333598094,4.779998779,0.387,0.0007
3.949293028,4.266211604,4.559997559,0.321,0.0007
3.949293028,4.266211604,3.444442749,0.241,0.003
3.949293028,4.266211604,4.329998016,0.227,0.0032
0,0,3.222221375,1.974,0.0141
0.202370627,12.74934952,3,0.149,0.0007
0,1.006711409,1.289999962,0.097,0.0007
0,0.309917355,1.569999695,0.129,0.0007
0,3.529411765,3.289999008,0.255,0.0007
0,0,3.666666031,0.668,0.0007
0,0,4.555553436,0.275,0.0007
0,77.02349869,4.555553436,3.754,0.0176
0,14.49432125,1.289999962,0.085,0.0252
0,86.51303362,1.859999657,0.688,0.0415
0,0,1,0,0.0023
0,9.00098912,1.571428299,0,0.0048
0,86.09794629,1.859999657,3.763,0.0172
0,95.57013946,4.329998016,7.699,0.0071
0,9.718056389,1.569999695,0.513,0.0039
0,0,3.219999313,1.266,0.0007
0,8.746355685,2.13999939,0.114,0.0007
0,0,1.43999958,0.402,0
0,0.194931774,3.666666031,0.704,0.0007
0,0,3.439998627,0.283,0.0005
0,83.62014022,1.569999695,7.032,0.0292
0,86.33431351,3,5.185,0.0007
0,0,2.333332062,0.214,0.0007
0,22.52252252,1.289999962,0,0.0037
0,7.360406091,3,0.005,0.0057
0,3.305785124,3.569999695,0.275,0.0007
0,66.15691489,4.559997559,2.626,0.0025
0,0,4.109996796,1.568,0.0092
0,0,2.779998779,0.055,0.0007
0,0,2.109998703,0.225,0.0007
0,12.7388535,1.569999695,0.389,0.0007
0,11.14827202,1.859999657,0.448,0.0007
0,6.56877898,3.888887405,1.713,0.0007
0,0,3.219999313,0.136,0.0007
0,0,4.109996796,1.017,0.0007
0,14.92693111,3.569999695,1.452,0.0007
0,50.76142132,1.859999657,0.372,0.0031
0,6.717451524,3.669998169,0.642,0.006
0,74.09766454,1.285714149,3.399,0.0031
0.046168052,7.686980609,4.329998016,0.792,0.0058
0,0,4.779998779,1.557,0.0093
0.01388696,4.666018609,2.109998703,0.154,0.0007
0,0,3.439998627,0,0.0021
0,0,4.559997559,0.179,0.0029
0,25.60083595,1,0,0.0046
0.065402224,69.13015043,2.13999939,0.155,0.0007
0,0.238663484,4.109996796,0.596,0.0007
0,15.11111111,3.859998703,0.272,0.0192
0,99.74811083,2.329999924,3.636,0.0279
0,72.44670697,4.109996796,3.129,0.008
0,53.08641975,2.709999084,6.559,0.0032
0,0,4.329998016,0,0.0001
0,72.30483271,4.333332062,3.121,0.0007
0,16.93950178,4.13999939,0.214,0.0148
0,65.58891455,2.13999939,0.03,0.0131
0,0,4.109996796,0.841,0.0098
0,14.95016611,4.13999939,0.079,0.0037
0,0,2.329999924,0.032,0.0007
0,0.424929178,3,1.01,0.0013
0,5.429701546,1.859999657,0.001,0.0007
0,13.23487646,1,0,0.0033
0,0,4.559997559,0.443,0.0065
0,93.01470588,3.439998627,4.28,0.0038
0,81.44192256,1.569999695,4.879,0.0416
0,81.1784897,3.88999939,4.994,0.0153
0,96.49805447,1.569999695,4.71,0.012
0,20.94594595,4.709999084,0.374,0.0111
0,41.4893617,1.857142448,0.289,0.0178
0,100,4.109996796,9.912,0.0059
0,82.53164557,3.439998627,2.453,0.0011
0,33.70429253,1.571428299,0.222,0.0333
0,4.62407342,1.571428299,0.007,0.0019
0.034405643,71.3573026,1.569999695,0.033,0.0106
0.012115338,84.61352072,3.669998169,4.344,0.0005
0.082304527,45.30864198,4.559997559,1.382,0.0028
0.054644809,85.51912568,3.219999313,4.476,0.0037
0.073855244,81.90546529,3.88999939,3.824,0.0082
0.007753741,0.814142824,3.571428299,0.007,0.0033
0.139599814,70.26523965,2.429998398,0.192,0.0128
0.369913687,56.22688039,1.569999695,2.503,0.0048
0.238123586,64.38861769,3,0.649,0.0057
0.47680971,1.733853489,3.88999939,0.16,0.0007
0.036010083,35.36190133,2.429998398,0.238,0.0054
0.236966825,0.131648236,4.109996796,1.47,0.0007
0.368663594,33.5483871,1.859999657,0.164,0.0195
0.061124694,80.99022005,3.88999939,3.925,0.0027
0.123418698,65.56618328,1.857142448,0.336,0.007
0.061462815,79.96312231,4.329998016,3.979,0.0049
0.418994413,8.659217877,1.857142448,0,0.0034
0.27027027,0,4.329998016,0.389,0.0007
0.051361068,35.18233179,2.709999084,0.001,0.0013
0.542740841,91.18046133,2.779998779,2.161,0.0154
0.750098697,0,3.444442749,1.993,0.0019
0.446096654,74.05204461,2.559999466,2.495,0.0029
0.225225225,15.31531532,3.88999939,1.296,0.0088
0.067249496,32.07800941,3.669998169,0.687,0.0039
0.564906617,87.69887019,2.429998398,8.399,0.0086
0.655737705,26.55737705,1.669999123,0.091,0.0007
0.566572238,0,4.333332062,0.552,0.0007
0.021510002,83.45880835,2.709999084,0.117,0.0662
0.105374078,90.09483667,2.779998779,1.775,0.0051
0.107411386,13.53383459,2.428569794,0.014,0.0007
0.079968013,10.75569772,3,0.055,0.0007
0.378787879,34.50757576,3,1.185,0.007
0.245700246,94.1031941,1.859999657,3.518,0.0005
0.112930548,36.9282891,4.329998016,0.695,0.0041
0.693866223,86.59450458,3,4.155,0.0046
1.064891847,75.74043261,2.13999939,2.398,0.003
0.773782431,0.910332271,3.219999313,0.025,0.0014
0.450196961,52.11029826,4.559997559,1.182,0.0045
0.129092829,69.86269217,3.88999939,2.895,0.0028
0.279069767,42.04651163,3.857141495,1.494,0.003
0.158856235,30.26211279,2.13999939,0.048,0.0162
0.158982512,42.68680445,1.859999657,0.993,0.0027
0.726806327,94.99786233,2.429998398,2.204,0.0078
0.51241624,84.11509657,2.13999939,3.753,0.0115
0.95475301,84.47488584,2.709999084,4.493,0.008
0.301204819,94.57831325,3.444442749,3.609,0.0123
0.94972067,0,3.88999939,0.133,0
0.087145969,64.44444444,4.329998016,2.451,0.0025
0.134318334,63.26393553,1.571428299,1.773,0.0087
0.071681652,28.2466668,4.13999939,1.033,0.0007
1.960784314,23.92156863,4.109996796,0.145,0.0022
0.451467269,13.31828442,1.888888359,1.912,0.0094
0.668286756,4.799513973,3.669998169,0.008,0.0002
0.379266751,79.83565107,1.569999695,5.766,0.0049
0.118800119,3.926343926,3.285713196,0.005,0.0028
0.767508794,77.80620403,3.289999008,4.183,0.0146
0.078390384,50.06532532,4.559997559,1.766,0.0007
1.988950276,11.65745856,5,0.392,0.0001
2.374980404,3.723154099,2.329999924,0.184,0.0007
0.393258427,57.30337079,3.669998169,1.635,0.0035
1.792787159,0,2.779998779,0.369,0.0029
0.480521709,40.8271838,4.709999084,1.575,0.0147
0.053648069,68.21351931,1.859999657,0.052,0.0007
2.176239743,0,1.888888359,0.038,0.0007
2.949245542,4.115226337,1.669999123,0.008,0
0.087873462,49.73637961,1.571428299,0.538,0.0035
2.102716785,39.44919985,3.439998627,0.575,0.0007
2.126058325,39.09689558,3.88999939,0.264,0.0003
0.179964007,6.898620276,2.709999084,0.032,0.0046
0.400880623,66.34902901,3.289999008,2.851,0.0078
0.185554257,32.93244451,3,2.317,0.0068
1.132186443,65.65210998,3.859998703,2.545,0.0226
3.489361702,3.506382979,3.669998169,0.1,0.0005
1.80025718,9.001285898,4.329998016,0.329,0
2.890716804,17.46180964,4.559997559,1.308,0.0086
0.3125,9.453125,3,0.019,0.0026
0.138641315,21.46959794,2.559999466,1.735,0.0007
2.376910017,0,3.222221375,0.034,0.0017
2.94017094,5.076923077,4.779998779,0.267,0.0006
2.570093458,5.282969886,4.779998779,0.491,0.0007
3.056194545,22.31350641,4.109996796,1.169,0.0063
2.225362063,16.30166019,4.329998016,0.6,0.0112
3.680981595,1.840490798,3.219999313,2.622,0.0007
0.352174679,9.068497975,1.857142448,0.026,0.002
0.778388278,16.16300366,1.219999313,0.203,0.0004
2.256851155,10.85437937,3.88999939,0.542,0.004
0.302114804,62.53776435,1.859999657,0.144,0.0202
2.764641688,10.04001455,4.329998016,0.494,0.0007
0.644088926,67.66396565,3.859998703,3.756,0.0264
3.026670662,0,3.444442749,0.948,0.0007
0.357405141,80.04406365,3.88999939,2.256,0.027
0.735970561,30.12879485,1,0,0.0025
0.419016922,82.78807413,3.439998627,5.864,0.0284
1.345009914,8.592200925,4.329998016,0.425,0.0016
3.497222794,0.061715696,3.669998169,0.139,0.0003
0.123784262,42.5464191,1,0.919,0.0699
0.575815739,83.6212412,3.669998169,5.227,0.0069
1.393866985,0,3.219999313,0.549,0.004
1.399575484,8.463783497,4.329998016,0.774,0.0019
0.717948718,83.28205128,2.429998398,2.13,0.0013
0.804597701,1.724137931,3.289999008,0.001,0.0007
0.456100342,21.66476625,1.669999123,0.001,0.0224
2.276632302,49.95704467,3.859998703,0.998,0.0007
0.383631714,25.44757033,1.285714149,0.09,0.0021
2.840422495,0,3.669998169,0.106,0.0004
2.822523165,0,4.559997559,0.256,0.0013
3.553419743,10.6128803,4.329998016,0.136,0.0001
1.108033241,93.62880886,2.109998703,8.902,0.0027
3.535281028,11.04730457,4.329998016,0.309,0.0007
0.828898895,75.74703234,4.109996796,3.632,0.0007
3.565753981,11.2958652,3.219999313,0.298,0.0007
0.090211998,74.19936852,3,7.043,0.0055
0.796870472,21.64589974,3,0.13,0.0049
0.483320697,92.99658832,1.859999657,2.094,0.0091
2.477700694,52.55203171,3.289999008,1.122,0.0031
1.3136289,0.8757526,3.669998169,0.137,0.0007
3.47826087,42.31884058,2.559999466,0.548,0.0045
3.619114547,2.1433591,3.439998627,0.369,0.0007
0.478755236,83.86195891,1.859999657,3.092,0.0007
0.475435816,64.77113825,4.109996796,2.48,0.0032
0.673309992,82.41314301,1.859999657,0.961,0.0013
1.912361885,10.5486826,4.559997559,0.919,0.0034
1.866404715,64.19449902,3.289999008,1.783,0.0007
4.4,35.02222222,3.439998627,0.238,0.0007
0.697674419,74.41860465,1.571428299,14.454,0.0273
3.863167207,4.80684164,4.109996796,0.393,0.0009
4.504504505,0,3,1.164,0.0007
0.728744939,76.11336032,4.559997559,3.149,0.0061
3.360308918,5.9195662,4.559997559,0.608,0.0015
0.481822164,44.4152431,3.888887405,2.715,0.0087
3.424340583,5.893736065,4.779998779,0.324,0
0.800744879,61.50837989,3.219999313,1.913,0.0348
1.589825119,36.72496025,3,0.009,0.0048
2.351171628,11.68461051,2.779998779,0.358,0.0007
1.291364003,23.00242131,1,0,0.0025
0.443594646,26.73422562,1.289999962,0.71,0.0099
0.716312057,92.69503546,2.779998779,3.596,0.0343
4.460547504,3.05958132,3.88999939,0.259,0.0009
4.585537919,1.093474427,4.779998779,0.437,0.0004
5.339265851,4.89432703,3,0.911,0.0035
3.945291952,8.188672628,3.669998169,0.602,0.0007
2.377717391,9.239130435,4.333332062,1.903,0.0007
3.088033317,18.53706083,4.779998779,0.488,0.0005
4.094403719,8.564276775,3,0.358,0.0001
0.469563733,37.72731153,2.779998779,2.068,0.0045
0.702702703,77.45945946,2.709999084,4.55,0.0794
1.385493073,81.03096985,2.13999939,2.646,0.0007
3.527411815,16.1920952,3.88999939,0.078,0.0007
4.474909467,8.967063287,3.219999313,0.12,0
0.86884946,53.34735687,3,1.33,0.048
2.914210871,10.31434185,3.666666031,1.391,0.0007
0.626360446,32.51410422,3.289999008,0.252,0.0007
0.74500508,22.14696918,1.569999695,0.009,0.0051
0.476539589,79.89369501,4.779998779,2.997,0.0076
0.791139241,35.75949367,3,0.823,0.0007
1.286573978,11.30940029,4.13999939,0.085,0.0007
0.860711662,69.66516217,4.109996796,1.912,0.0029
0.663841808,71.8079096,4.109996796,0.716,0.0053
0.564447343,61.89855,3.669998169,2.712,0.0007
3.380454825,7.559926245,1.43999958,0.407,0.0007
0.950486295,73.69584439,1.285714149,2.887,0.0036
5.600814664,4.735234216,2.329999924,0.67,0.0007
0.439117446,64.45308282,3,4.169,0.0007
4.885969444,2.89320245,4.559997559,0.605,0.0007
2.910866028,8.027481468,4.559997559,0.713,0.0007
1.044495509,89.72216419,2.709999084,5.718,0.0007
0.824946378,80.69625474,3.569999695,3.378,0.0048
0.784576565,75.19712979,3.669998169,1.818,0.0034
5.025830258,2.67896679,4.779998779,0.281,0.0037
0.796618436,74.89432613,4.329998016,1.836,0.0037
1.265603329,22.10471567,4.109996796,0.969,0.0007
3.35944634,10.57336473,4.559997559,0.291,0.0007
1.011804384,42.32715008,3.439998627,1.984,0.004
0.715169853,39.4168615,2.429998398,11.042,0.0042
5.202312139,13.29479769,3.439998627,0.25,0.0007
0.809599537,85.68743675,3.88999939,5.68,0.0071
0.534441805,85.09501188,2.779998779,4.418,0.0791
4.678128749,6.594029055,3.439998627,0.402,0.0007
2.249718785,56.91788526,3.219999313,2.231,0.0372
0.295904065,78.88179411,2.428569794,9.386,0.0024
4.629113218,47.3508087,3.289999008,0.397,0.0292
3.875968992,44.18604651,3,2.487,0.0007
1.153402537,64.5905421,2.709999084,4.539,0.0007
0.294117647,99.41176471,2.709999084,0.332,0.0197
6.295098283,0,3.439998627,0.293,0.0013
1.177699687,88.1090322,3.289999008,5.755,0.0058
1.182814403,88.93720647,1.859999657,3.661,0.0035
0.76097066,83.19100364,4.559997559,5.65,0.0029
0.888337087,69.04775654,3.289999008,4.496,0.0071
0,64.15770609,2.428569794,0.863,0.0036
0.990858531,84.96452087,3.289999008,1.834,0.0049
6.860158311,0,3,0.094,0.0007
1.054590571,6.451612903,3.289999008,0.128,0.0007
1.10701107,78.88478885,2.13999939,7.397,0.0007
8.541927409,0,3.88999939,0.898,0.0013
5.07878184,6.371053123,3.439998627,0.196,0.0001
0.869565217,29.89966555,3,0.511,0.0332
0.878378378,39.72972973,3.439998627,1.367,0.0007
3.877144118,9.717364504,3.439998627,0.87,0.0007
3.966303966,10.3974104,4.559997559,0.364,0.0007
1.155394002,92.21082695,2.709999084,4.371,0.0065
1.110229976,79.1038858,3.219999313,2.222,0.0024
3.912235968,9.212075424,3.88999939,0.88,0.0007
3.821354413,10.1453499,3.88999939,0.368,0.0007
0.841346154,88.22115385,2.13999939,5.219,0.0161
6.234866828,0,2.559999466,0.207,0.0013
3.532866501,21.49085159,4.559997559,1.023,0.0007
0.801250733,57.06468634,1.569999695,1.322,0.0241
1.586294416,39.04399323,2.429998398,0,0.0169
4.705003734,8.800099577,2.779998779,0.503,0.0007
3.962856266,9.616254014,3.88999939,0.869,0.0026
3.547612098,21.65839639,4.779998779,0.788,0
0.578853176,54.01362239,3.569999695,2.63,0.0043
1.432056023,93.22527343,1.857142448,6.82,0.0007
0.775467043,69.51004582,3.666666031,3.595,0.0052
0.924898261,27.78394377,5,1.049,0.0024
2.503681885,1.693667158,2.555555344,1.301,0.0063
0.598802395,14.97005988,1.289999962,0,0.0007
6.727410782,0,3.219999313,0.073,0.0007
5.389221557,35.12974052,2.709999084,0.283,0.0051
0.845884052,56.79801939,1.569999695,1.343,0.0231
1.836466987,89.48404023,3.88999939,4.902,0.0121
0.912336374,29.11543038,3.439998627,1.272,0.0007
1.010233535,48.47808974,1.859999657,0.001,0.0089
1.157840967,66.33747659,4.42999649,2.328,0.0193
0.758533502,12.76864728,1,0,0.0007
0.965250965,28.95752896,4.109996796,1.126,0.0019
1.032130677,49.02171962,1.859999657,0.001,0.0089
3.708659912,2.963104569,3.669998169,0.153,0.0007
0.392413342,75.21255723,4.329998016,3.424,0.0049
0.813786501,80.39731929,2.142856598,8.484,0.0007
6.14908966,6.904843696,4.329998016,0.211,0
9.550561798,0.421348315,4.559997559,0.604,0.0007
4.129664045,17.39163232,4.779998779,0.4,0.0005
0.873616773,96.85497962,1.571428299,6.387,0.0046
0.939809926,77.66631468,3.88999939,4.197,0.0025
6.094836147,8.126448196,2.559999466,0.684,0.0007
0.72140368,22.57137617,1.569999695,0.542,0.0148
1.623931624,33.9031339,5,1.09,0.0068
7.254901961,0,3.439998627,0.371,0.0013
1.052747012,53.0979274,1.571428299,3.896,0.004
4.970480294,5.32950375,3.88999939,0.405,0
1.196730881,69.20607122,1.859999657,3.203,0.0124
1.282420749,89.46685879,2.709999084,2.909,0.0049
2.947066158,10.83235728,3.669998169,0.074,0.0007
1.059322034,67.8874092,3,1.177,0.0253
1.33624216,63.34878647,1.669999123,0.366,0.0026
5.485986881,36.40429338,4.13999939,0.926,0.011
7.445896722,4.992500536,3.439998627,0.685,0.0013
1.298145506,30.87018545,4.329998016,1.119,0.0052
1.949161057,58.60544559,2.13999939,0.606,0.0612
1.169993118,26.84101858,3.666666031,1.644,0.0052
6.30056439,9.609648276,4.329998016,0.707,0.0013
6.166982922,0,1.669999123,0,0
0.361944157,72.95760083,4.111110687,6.054,0.0134
0.595972051,70.46855734,4.109996796,4.138,0.0569
0.825588037,71.60807934,4.329998016,3.301,0.0117
2.014652015,80.83028083,2.709999084,7.52,0.0124
2.378673958,63.32194122,3.289999008,1.726,0.0059
3.042028019,8.605737158,3.444442749,0.463,0.0442
2.612506321,8.725209281,3.222221375,0.591,0.0007
1.430696615,79.11072747,4.109996796,3.279,0.0031
1.140916217,57.04581083,4.559997559,1.962,0.0078
1.037175154,75.74874723,2.559999466,3.676,0.0018
1.571890892,69.97226075,2.429998398,1.422,0.0034
5.160662123,8.169425511,4.109996796,0.42,0.0058
1.492186437,70.66727707,3.439998627,2.979,0.0046
7.965616046,4.722063037,4.109996796,0.609,0.0013
2.895054282,35.36571993,3.88999939,1.635,0.0049
1.550988755,43.03993796,4.13999939,0.16,0.0085
1.294147648,66.57529007,4.109996796,2.708,0.0007
1.394978079,88.12275807,1.859999657,3.563,0.0111
1.163918526,49.06644035,1.285714149,3.759,0.0046
1.634877384,23.06993642,2.779998779,0.052,0.0007
1.228140435,85.82298759,3.571428299,7.997,0.0007
1.790611389,70.14034522,2.142856598,4.841,0.0007
1.440313112,62.51272016,4.42999649,1.652,0.0134
3.859485142,11.99711804,4.779998779,0.452,0
4.477026478,13.63486331,4.329998016,0.219,0.0004
4.48243133,13.6752789,4.109996796,0.194,0.0007
3.886139415,11.89843118,3.669998169,0.917,0.0007
10.63829787,87.5,2.779998779,1.194,0.0105
1.100468718,86.50906868,4.709999084,4.32,0.0007
1.156284968,21.09287579,2.709999084,0.165,0.0009
1.341599756,72.57851408,3.88999939,2.894,0.0163
1.245397936,42.51624926,3.859998703,1.246,0.0204
1.615352754,32.12757145,4.559997559,1.003,0.0029
1.253232081,43.17594167,2.709999084,0.783,0.0375
0.412007063,78.57563273,4.559997559,6.219,0.0309
4.09556314,15.35836177,2.559999466,0.57,0.0007
1.724137931,29.31034483,3.569999695,0,0
1.983349657,89.21400588,3.569999695,4.739,0.0035
5.438537836,37.52925443,4.779998779,1.477,0.0013
1.651014844,46.18297486,2.329999924,1.801,0.0044
1.41135483,73.63930463,3.219999313,3.598,0.0106
6.092285508,22.92718097,4.559997559,0.638,0
9.162011173,7.48603352,2.559999466,0.66,0.0013
8.035369153,15.2082528,4.779998779,0.359,0.0007
1.171280004,78.28142234,4.329998016,2.186,0.0149
4.123244554,12.49534437,4.559997559,0.749,0.0026
2.031714569,27.79980178,3.289999008,0.227,0.0001
1.652141665,76.40459855,3.439998627,3.555,0.0046
3.690415172,70.55356228,3.289999008,1.849,0.008
1.231774761,13.09703369,3,0.162,0.001
3.326032541,9.580725907,3.222221375,0.224,0.0042
1.54185022,48.85462555,2.779998779,0.906,0.0057
1.114058355,17.18832891,1.285714149,0,0.0007
1.04519774,70.62146893,4.109996796,3.694,0.004
4.589160014,13.77172621,4.109996796,0.202,0.0007
0.961538462,98.07692308,3.439998627,3.615,0.0025
1.443447778,16.44499433,1,0.082,0.0229
1.491395793,73.95793499,1.859999657,1.105,0.0708
2.114285714,34.74285714,4.329998016,1.052,0.0036
1.173541963,37.85561878,2.559999466,0.002,0.0078
1.582695859,63.83539963,3.439998627,2.856,0.0052
3.578469443,30.86205867,3.859998703,0.313,0.0005
1.738410596,75.04139073,4.329998016,4.821,0.0067
3.44067049,4.322893692,3.669998169,0.569,0.0007
0.863930886,72.93016559,4.559997559,4.667,0.0077
5.110113321,19.82039769,3.439998627,0.403,0.0069
6.343165239,15.66761814,2.779998779,0.41,0.0007
5.446175058,22.88421766,3.666666031,1.101,0.0053
7.379272925,9.386869235,3.666666031,0.672,0.0007
1.815642458,88.36126629,2.779998779,4.074,0.0113
2.122841778,54.96744976,1.569999695,0.626,0.0197
5.661368711,33.46906607,3,0.907,0.007
3.075147368,2.40323179,3.219999313,0.755,0.0048
2.25983771,71.38993107,4.13999939,2.344,0.037
7.685185185,35.74074074,3.439998627,0.088,0.0008
1.60390516,48.43096234,2.559999466,0.482,0.0003
1.782059831,78.78084113,3.439998627,3.749,0.0052
0.860832138,64.3779463,1.571428299,0.949,0.0393
2.442551824,88.47822594,4.42999649,5.143,0.0052
14.67079099,39.63764914,3.569999695,1.084,0.0094
1.811248808,79.44709247,1.859999657,0.164,0.0134
3.745340868,30.17915114,4.13999939,0.424,0.0065
0.856269113,15.84097859,4.109996796,0.622,0.0011
1.347017319,19.82039769,1,0,0.0025
7.098283931,28.54914197,3.439998627,0.203,0.0028
1.655172414,77.79310345,4.559997559,1.247,0.0027
1.667749621,85.72666233,2.329999924,10.567,0
0.674157303,87.34082397,2.709999084,4.051,0.0057
1.804591564,41.53764015,1.289999962,0.7,0.0101
1.952165482,74.27278604,4.42999649,4.642,0.0223
1.616462257,60.73792785,2.429998398,1.436,0.0024
2.26963232,21.24375851,1.569999695,0.006,0.0198
3.992805755,28.1294964,3.219999313,0.883,0.0049
1.902270474,73.98955629,3.88999939,3.459,0.0055
4.227782571,7.247627265,1.569999695,0.083,0.0034
5.196535643,56.62891406,1.289999962,1.41,0.0079
1.951367474,43.41034326,3,1.087,0.0137
1.959664156,65.31983035,2.559999466,1.883,0.0007
1.61883738,80.05886681,4.559997559,2.651,0.0048
1.695813461,70.32326444,4.559997559,2.9,0.0046
8.456375839,15.43624161,3.88999939,0.83,0.0025
2.248953975,42.31171548,3.219999313,1.075,0.0002
8.447488584,10.95890411,3.444442749,0.392,0.0007
2.346914463,87.84846319,2.709999084,3.684,0.0047
4.944902819,12.78586854,3.222221375,0.775,0.0007
4.031699786,13.30783703,4.109996796,0.532,0.0007
2.36453202,56.3546798,2.329999924,0.445,0
5.410654828,37.1254162,3.219999313,0.483,0
1.487414188,81.23569794,4.329998016,2.58,0.0069
3.449267031,59.4423685,3.669998169,3.455,0.0347
1.048846269,86.54480072,4.329998016,3.451,0.0543
1.615168539,64.88764045,2.429998398,1.493,0.0102
2.455242967,44.14322251,4.329998016,1.658,0.0007
1.647345943,85.27557454,4.13999939,5.226,0.0059
3.60016942,33.10038119,2.559999466,2.014,0.005
2.054622902,64.59533951,2.779998779,0.363,0.0024
1.191104583,68.20278613,3.289999008,3.576,0.0037
2.473132203,77.89719021,3.219999313,4.778,0.0171
3.136835972,25.08497621,3.569999695,0,0
2.160493827,63.58024691,4.329998016,1.037,0.0032
1.843717489,78.51404462,3.669998169,2.666,0.0124
2.273875695,28.06973219,4.709999084,0.188,0.0005
1.17411941,55.29602798,1.289999962,0.771,0.0007
2.192425013,13.65446534,2.709999084,0,0.0038
1.477331084,64.17357494,3.669998169,3.173,0.0031
5.330228346,22.524096,4.329998016,0.826,0.0007
6.427573358,23.24173265,1.857142448,0.728,0.0118
4.738531244,26.35454031,4.559997559,1.664,0.0187
3.947001395,59.0237099,3.569999695,0.777,0.028
6.155094471,5.123449635,4.109996796,0.383,0.0007
2.027702413,53.81979152,3.88999939,2.195,0.0025
2.258624969,66.54256639,2.779998779,1.192,0.0026
3.902662994,12.2960373,3,0.085,0.0007
1.030927835,16.79805943,4.559997559,0.509,0
1.534733441,89.90306947,1.289999962,6.223,0.0908
1.74770856,64.98951375,3.669998169,1.948,0.004
4.317320509,14.62905696,4.329998016,0.303,0.0004
4.71185212,28.12613266,1.569999695,0.515,0.0384
2.100673801,70.41220769,2.709999084,1.011,0.0412
5.299313052,43.57212954,2.142856598,0.857,0.0076
4.361199364,14.60346389,4.779998779,0.296,0.0017
7.97752809,53.42696629,3.444442749,0.936,0.0025
4.165926452,23.33451768,2.13999939,0.061,0.0139
2.039065593,78.51392372,4.329998016,4.632,0.0498
2.650765077,66.70229523,3.219999313,2.385,0.0151
1.31748072,61.40745501,1.569999695,2.958,0.0149
4.930429522,72.26255293,2.109998703,5.265,0.0707
7.030919102,20.28801355,3.439998627,0.635,0.003
4.445506692,5.497131931,3.669998169,0.463,0.0023
2.909713308,53.44458708,2.13999939,8.57,0.0346
2.673629805,66.96349736,3.669998169,2.403,0.0152
1.794293558,66.66339837,2.709999084,3.477,0.0025
7.803617571,76.79586563,3.439998627,4.152,0.0063
4.804055685,3.065904885,3,0.225,0.0025
2.865004856,67.74036905,2.13999939,2.041,0.0087
3.206412826,13.0260521,2.709999084,0.001,0.0007
1.567164179,87.86567164,3.439998627,3.665,0.0533
0.84592145,79.26283988,4.13999939,5.761,0.0069
3.59976614,28.29700159,2.714284897,0.462,0.0058
6.970509383,6.069705094,2.559999466,0.48,0.0007
1.948962423,89.84856983,3.289999008,6.713,0.0078
3.894080997,85.51401869,2.429998398,0.513,0.0294
4.45406743,5.876894525,5,0.867,0.0013
9.040105194,39.31623932,4.329998016,2.204,0.0087
4.926299457,26.5321955,4.559997559,1.088,0.0136
1.84593706,72.86519493,4.109996796,4.821,0.0007
10.66513761,14.44954128,3.219999313,0.455,0.0013
2.335858586,79.13510101,3.669998169,2.821,0.0022
2.117768595,11.93181818,3.859998703,0.085,0.0082
2.218143355,64.45993031,3.669998169,2.297,0.023
2.022426003,74.75031778,4.109996796,4.417,0.0007
1.99456029,39.39256573,3.219999313,1.092,0.0007
1.854774327,64.59033438,3.219999313,1.907,0.0042
2.598187311,73.41389728,4.779998779,3.928,0.0186
5.00942634,28.09049286,3.857141495,0.18,0.0026
2.798919715,30.32163025,4.42999649,0.452,0.0051
2.956081081,57.77027027,4.109996796,2.921,0.0007
5.235510418,23.7699177,3,0.229,0.0133
6.05738576,42.11831385,3.219999313,0.351,0.0006
2.867212233,36.24634132,3.285713196,0.669,0.0071
2.164111812,69.34174932,3.666666031,2.944,0.0082
1.501501502,76.42642643,4.329998016,5,0.003
4.66982455,76.23952133,3.439998627,2.573,0.0032
3.279938978,91.76201373,3,3.86,0.0735
8.426073132,19.07790143,3,0.133,0.013
6.560203248,17.44783528,4.109996796,0.621,0.0013
2.128741645,75.73379831,4.109996796,4.524,0.0088
7.673354453,6.934178106,3.88999939,0.676,0.0024
5.889108365,4.125132069,2.559999466,0.118,0.0004
5.832608024,4.674172446,4.109996796,0.233,0
2.406417112,85.56149733,3.88999939,4.434,0.043
4.829732578,75.8645106,3.669998169,1.857,0.0049
5.953652533,4.169016327,3.439998627,0.122,0.0003
3.080490229,56.34315999,2.142856598,0.86,0.0098
2.120890774,77.30646872,2.559999466,2.675,0.0007
2.365423623,64.3158059,3.669998169,2.829,0.0262
3.455083909,67.52221125,4.559997559,3.049,0.0017
3.977944072,24.98030721,3.859998703,0.001,0.002
2.07170144,64.41375257,2.429998398,2.799,0.0007
2.806911185,21.67323431,1.859999657,0,0.0025
3.263888889,56.21527778,4.329998016,2.326,0.0019
3.522504892,92.7592955,4.109996796,2.019,0.005
6.730846811,18.29060769,4.329998016,0.641,0.0013
6.747498389,18.44526083,3.219999313,0.67,0.0013
4.17099179,16.93167878,3.859998703,0.307,0.0053
2.164416203,77.22398729,1.88999939,4.389,0.0069
3.195691203,28.29443447,3,0.286,0.0149
2.274975272,78.140455,2.559999466,3.016,0.0121
5.891467282,44.37878351,3.857141495,1.618,0.0051
3.717257319,87.355547,4.109996796,3.596,0.004
4.562178072,82.1192053,4.109996796,4.104,0.0007
3.310415075,15.91545709,3,0.036,0.0001
4.59688826,70.2970297,3.439998627,1.79,0.0051
11.05121294,35.8490566,2.329999924,3.815,0.0138
4.725514007,38.12340354,3.859998703,0.732,0.0137
3.517739026,14.22128683,3.289999008,0.099,0.0209
5.749199122,14.16698567,3.222221375,1.611,0.0007
2.361160973,77.02907956,3.669998169,4.704,0.0077
6.823529412,43.34841629,3,1.229,0.0038
2.898550725,82.60869565,3.439998627,1.88,0.0036
3.569192235,42.01628053,2.429998398,0.136,0.0359
2.588276222,67.0273091,3.888887405,2.913,0.0327
3.693410561,63.04684727,3.439998627,2.495,0.0117
2.688463624,55.58224219,2.429998398,5.099,0.0236
2.984825746,83.95864599,4.329998016,3.133,0.0048
6.359945873,47.97023004,3.285713196,0.683,0.0024
2.508527382,50.96285553,3,0.335,0.0166
2.982731554,82.17836585,4.329998016,2.304,0.0181
7.909860859,20.90895342,4.109996796,0.927,0.0024
4.39356076,40.15226361,3,1.522,0.0007
3.126843658,70.38348083,1.289999962,3.848,0.0081
3.412213064,66.63564655,3.571428299,4.44,0.0175
7.879640253,21.98082831,3.88999939,1.032,0.0025
3.898560204,61.13497198,4.559997559,2.329,0.01
2.02504251,86.40439017,3,3.35,0.0134
3.472222222,37.5,4.109996796,2.386,0.0018
2.08183776,74.98205312,3,4.492,0.0523
3.853241749,13.4695929,2.429998398,0,0.0025
3.308609657,54.86474695,3.289999008,4.932,0.0087
11.72379533,19.15052161,4.329998016,1.36,0.0013
2.226345083,55.84415584,3.669998169,2.41,0.0148
5.346127485,7.882111035,3.669998169,0.536,0.003
3.868630201,73.58578775,3.439998627,1.652,0.0031
6.424551897,55.34076699,3.222221375,1.682,0.0067
9.578207381,8.787346221,3.669998169,0.723,0.0007
6.008087811,39.74581167,3.666666031,1.365,0.0024
3.218390805,74.66803911,3.88999939,1.902,0.0061
4.247835498,45.995671,2.709999084,1.517,0.0009
8.463949843,40.90909091,3.857141495,0.983,0.0097
6.740191894,5.801208727,4.329998016,0.411,0.0005
2.832798495,63.14779979,3.669998169,3.816,0.0082
2.471447295,66.82269238,2.709999084,3.107,0.0289
5.909820977,13.70596622,3.666666031,0.738,0.0007
5.289762777,69.97293425,3,3.238,0.0007
2.838709677,44.08602151,4.109996796,0.439,0.0011
3.121597096,52.12341198,2.559999466,3.713,0.0436
7.407407407,85.18518519,1.859999657,2.921,0.0135
7.65370138,39.48138854,3,1.461,0.0024
6.346826587,43.97801099,2.559999466,1.467,0.0051
5.538588954,12.49029453,3.88999939,0.671,0.0007
5.344995141,43.51311953,3.444442749,1.757,0.0066
4.531722054,39.08319777,4.329998016,1.066,0.0033
2.639296188,31.08504399,4.13999939,0.528,0.006
2.559079221,78.60728717,3.88999939,3.137,0.0401
5.015197568,58.48024316,4.109996796,1.648,0.0032
5.358247278,32.81668759,3.859998703,0.739,0.0028
2.390584774,76.70712272,2.429998398,3.888,0.0305
6.004816073,13.70244577,3,0.732,0.0007
3.586579252,65.75395295,4.559997559,4.852,0.0046
4.624775583,42.16157989,4.329998016,0.931,0.003
5.249761374,57.97009227,3.439998627,1.205,0.0051
3.601694915,68.67433414,4.13999939,4.156,0.0286
2.429296076,63.92670291,2.555555344,3.709,0.0024
2.375217185,63.39013057,4.109996796,3.278,0.0007
6.373762376,43.93564356,2.429998398,0.149,0.0061
5.634408602,30.49462366,3.859998703,0.483,0.0146
2.784366519,57.31991367,4.109996796,2.851,0.0001
2.601228177,62.71167607,4.329998016,2.929,0.0007
3.979411539,39.9323961,2.429998398,0.727,0.0099
2.692998205,80.07181329,2.429998398,0.098,0.0114
2.558662007,73.14028957,4.709999084,2.762,0.0267
2.305926544,38.8042571,1.569999695,0.281,0.0175
3.259779338,82.94884654,2.559999466,2.085,0.06
7.747648035,27.25511898,3.569999695,0.054,0.0025
3.324584427,64.74190726,5,0.758,0.0074
0.641025641,30.76923077,1.289999962,0.019,0.0153
1.380368098,19.86196319,4.13999939,0.071,0.0007
2.762923351,49.64349376,2.109998703,0.025,0.0012
3.375068046,45.78116494,2.779998779,1.616,0.0062
6.867851256,30.96449267,3.669998169,0.894,0.0007
4.175062465,41.12194729,1.569999695,1.455,0.0128
18.42105263,0,3.439998627,1.351,0.0013
2.369719065,39.12717135,1.859999657,0.281,0.0168
5.208333333,50,1.569999695,0.519,0.0091
2.71196637,62.19766305,4.559997559,3.134,0.0007
3.074093537,63.3473463,2.13999939,0.324,0.0148
2.731030891,64.0669249,3.289999008,4.057,0.0011
7.274633124,6.163522013,3.888887405,1.603,0.004
3.356367226,75.04745994,2.779998779,4.653,0.0112
2.541231846,64.86209326,4.109996796,3.684,0.0149
6.278903752,26.83820106,4.109996796,0.701,0.0077
1.769309289,44.87921062,4.779998779,2.137,0.0007
3.857622439,76.08166876,3.88999939,3.326,0.0031
7.448342143,20.855358,2.13999939,0.433,0.0068
4.570184984,93.14472252,3.669998169,4.633,0.0007
3.688430699,41.99312715,4.109996796,0.582,0.0022
8.595871809,32.02064096,4.329998016,1.278,0.0007
17.22564454,11.84120465,2.329999924,0.246,0.0007
7.668067227,25.67226891,3.888887405,0.557,0.0065
6.474820144,84.5323741,1.43999958,0.288,0.0184
10.93851133,75.33980583,3.439998627,6.095,0.003
4.331306991,55.31914894,4.559997559,2.664,0.0089
9.719002887,16.24781424,4.779998779,1.003,0.0013
3.823515104,78.23125943,3.859998703,6.502,0.0148
2.353970186,73.35716459,3.669998169,5.795,0.0161
5.70719603,50.74441687,3.219999313,0.54,0.0005
3.147444816,67.36359192,3.859998703,4.425,0.0007
4.985337243,83.43108504,3.439998627,5.369,0.011
8.439744613,7.541899441,3.888887405,1.559,0.004
4.826043996,59.47638611,3.439998627,2.782,0.0089
4.684832775,59.29959326,3.439998627,1.815,0.0006
3.557312253,39.13043478,3,0.928,0.0007
5.187930122,75.96611964,4.109996796,2.65,0.0035
7.713498623,58.7277736,3.88999939,3.567,0.0007
3.205531113,31.61533627,2.429998398,0.41,0.0074
4.464953621,63.52109515,3.669998169,1.803,0.0007
4.485096809,63.76542007,3.88999939,1.831,0.0007
5.418081837,28.12550542,2.429998398,0.131,0.0053
5.516218221,81.69802414,2.329999924,6.336,0.0007
6.545230009,16.44025934,3.88999939,2.638,0.003
7.865168539,81.46067416,4.109996796,7.771,0.0153
4.49005629,64.07281796,3,1.983,0.0007
5.831702544,72.05479452,4.779998779,3.755,0.0012
6.234691605,58.04200995,2.329999924,2.543,0.0043
4.701049749,13.28160657,2.429998398,0.096,0.0007
7.486176095,48.10718843,3.88999939,2.095,0.0039
6.031128405,37.3540856,2.709999084,1.215,0.0035
7.575757576,82.38636364,4.109996796,1.482,0.0041
5.582137161,10.579479,3.439998627,0.486,0.064
4.554534559,81.66200559,1.669999123,8.575,0.0087
7.933579336,32.71832718,4.709999084,0.341,0.0218
5.579921247,78.22134008,3.439998627,4.236,0.0043
4.31372549,40.26143791,1.669999123,3.284,0.0007
3.10870007,65.34028044,3.222221375,4.008,0.0007
7.129147244,44.39265149,3.88999939,2.05,0.0038
7.655014034,58.43327379,4.329998016,1.579,0.0021
6.449619588,9.689877573,2.111110687,0.177,0.0095
4.580677415,77.52780902,4.13999939,7.248,0.0158
4.371410338,66.49649011,3.439998627,2.939,0.0048
5.533827206,23.87306554,4.709999084,0.2,0.0054
3.932530581,59.6808104,3.222221375,3.226,0.0007
4.475154366,58.87092032,3,0.583,0.0061
2.059800664,54.75083056,3.444442749,2.837,0.0043
2.985074627,49.59816303,1.857142448,0.244,0.0256
10.9849303,48.48552681,3,1.203,0.0188
4.249402873,77.34127126,4.109996796,3.078,0.0059
4.365620737,78.4544923,3,6.873,0.0026
8.279220779,65.0974026,1.569999695,7.405,0.0188
3.524973129,78.35004058,3.88999939,3.521,0.0084
8.46462415,29.35875821,4.13999939,0.1,0.0048
4.666247024,67.9055256,3,2.366,0.082
9.736909982,58.83415012,1.444443703,2.866,0.0943
6.78807947,49.54688045,3.669998169,1.745,0.006
7.294993136,70.17412037,3.219999313,2.054,0.0007
5.516993777,47.07994256,3.669998169,1.882,0.0201
1.444622793,93.41894061,1.569999695,11.411,0.011
5.139664804,85.02793296,4.109996796,4.581,0.003
2.660217654,57.98065296,3.888887405,4.464,0.0035
13.74865736,79.26960258,2.559999466,3.979,0.0007
4.071235926,50.78128345,2.329999924,2.694,0.0013
4.413312525,69.91071753,4.109996796,4.918,0.0027
8.690028222,35.32455315,1.859999657,0.001,0.0066
11.33333333,76.88888889,2.555555344,1.966,0.0056
4.403409091,64.13352273,3.669998169,5.711,0.0046
2.819738167,90.23162135,1.571428299,1.432,0.0416
3.575503994,93.26740205,3,10.596,0.0103
7.709096029,48.8594762,3.669998169,2.56,0.0037
3.724935297,77.28515105,4.329998016,3.454,0.0092
4.94613338,66.98870328,3.669998169,2.262,0.057
3.455578512,76.60640496,4.109996796,3.368,0.0693
7.282608696,40.27173913,1.859999657,0.139,0.0086
8.18561001,11.17831074,2.428569794,0.122,0.0045
13.15396114,12.485249,4.779998779,0.912,0.0009
6.519677572,20.48364154,1.569999695,0.047,0.0007
8.949527717,68.57170117,3.88999939,3.852,0.0414
4.928701311,78.00746483,2.429998398,7.068,0.0041
7.969585301,13.57094662,3.439998627,0.493,0.0007
15.57187017,34.65996909,3.669998169,1.562,0.0029
5.440539239,82.59508907,2.13999939,1.259,0.0225
8.528514703,8.798987167,3.219999313,0.197,0.0007
11.44839549,28.73662908,3.857141495,1.077,0.013
8.23723229,37.23228995,3,1.018,0.0026
8.827135268,49.12137311,2.333332062,1.58,0.0029
9.783631232,67.08103749,3.669998169,1.531,0.0109
18.21412705,23.58951577,2.555555344,1.014,0.0007
7.68179333,42.1131766,4.42999649,1.246,0.0007
21.09911678,59.8626104,1.859999657,0.971,0.0177
4.041331803,44.31687715,3.444442749,2.037,0.0086
4.432234432,91.86813187,2.13999939,2.247,0.0039
9.189497717,50.65639269,2.777776718,1.591,0.0007
7.729897823,75.47756553,1.569999695,5.318,0.0498
10.13097072,64.45300462,4.329998016,2.459,0.0016
4.699017199,43.58108108,3,0.733,0.0076
13.09175921,21.42996298,4.779998779,0.805,0
21.53361345,59.76890756,2.429998398,0.944,0.0093
9.026830377,8.714188267,3.669998169,0.181,0.0007
13.56356356,8.948948949,3.444442749,0.368,0.0033
5.905121973,69.810514,3.439998627,2.782,0.0031
7.734100352,90.54010866,2.559999466,6.293,0.0122
6.463878327,27.37642586,3,2.09,0.0101
8.330275229,58.12844037,3.289999008,1.6,0.0016
9.822202949,75.67215958,2.779998779,4.558,0.076
11.22428991,84.79921645,2.329999924,4.716,0.0372
10.31632491,68.18470831,3.88999939,3.435,0.0407
15.78208368,47.85172704,3.285713196,2.266,0.0027
7.961586121,51.02230483,2.559999466,2.059,0.0058
9.957020057,62.24928367,3.669998169,2.695,0.0069
9.053497942,71.2962963,2.709999084,0.49,0.0007
7.979704797,11.94649446,3.289999008,0.16,0.0044
10.47463175,56.15384615,2.555555344,1.548,0.0007
8.839127873,64.78379213,3.669998169,2.117,0.0202
14.44280542,6.16870055,2.779998779,0.606,0.0028
9.163745618,3.822400267,3,0.309,0.0009
9.499358151,62.90115533,2.555555344,2.436,0.0085
9.443178118,62.68316509,1.888888359,2.476,0.0087
5.081577158,25.76478586,3.88999939,0.409,0.0011
6.099989893,66.0986819,3.569999695,2.723,0.0007
9.785262631,8.961998372,2.109998703,0.843,0.0007
8.288486628,73.32844097,1.888888359,3.142,0.0056
5.565217391,93.2173913,2.329999924,4.895,0.021
15.86402266,82.1529745,1.569999695,2.453,0.0296
4.307692308,85.84615385,2.111110687,1.049,0.0007
9.463167659,66.59709876,3.219999313,1.92,0.0007
7.542310522,47.42457689,1.444443703,0.655,0.0096
4.158544509,80.75048733,3.88999939,4.857,0.0111
5.115089514,27.47533796,3.285713196,0.753,0.0044
6.987028302,82.19339623,3.669998169,6.455,0.003
5.758513932,42.2755418,4.111110687,0.707,0.0039
6.29765522,66.22771312,3,2.706,0
11.53858521,17.36897106,3.219999313,0.657,0.008
11.33255178,66.35404455,3.219999313,2.838,0.0039
8.908819133,59.40209268,2.329999924,2.465,0.0056
7.87037037,85.78042328,2.559999466,2.089,0.0253
12.76301807,73.82571732,3.88999939,2.466,0.0057
8.13197026,48.00185874,3.669998169,1.876,0.007
10.46709853,12.92192295,3,0.671,0.0007
13.47269791,33.98963639,3.666666031,0.883,0.0066
16.05415861,47.06640877,3.222221375,1.257,0.0034
13.19031436,55.11894647,4.329998016,2.766,0.0007
8.891358711,76.41011392,1.88999939,4.129,0.0253
28.82129278,17.41444867,3,2.309,0.0007
6.460540882,75.45468923,2.709999084,6.945,0.003
10.67887109,57.85659802,2.559999466,2.364,0.0098
10.03680161,32.38541318,3.289999008,0.326,0.005
6.198158187,35.72594866,3.569999695,0.705,0.0042
6.556988057,74.38108044,3,4.418,0.0069
7.170099161,61.5942029,2.109998703,1.062,0.0023
11.67105841,58.34431269,1.88999939,5.507,0.0007
6.563509607,35.28311512,2.429998398,1.145,0.005
10.88615023,54.87089202,2.329999924,2.332,0.0007
12.14069592,62.00832073,4.109996796,4.126,0.0031
8.524958548,64.02718387,3.444442749,2.726,0.01
8.549931601,39.87688098,2.779998779,1.821,0.0044
8.53204988,63.99365566,3.444442749,2.742,0.0099
8.53204988,63.99365566,3.444442749,2.742,0.0099
17.77539342,3.397711016,2.779998779,0.196,0.0008
10.892134,40.03681433,2.714284897,0.546,0.0071
9.74522293,21.33757962,2.428569794,0.418,0.0051
9.531914894,12.07092199,2.714284897,0.166,0.0118
6.874603845,66.49984154,4.109996796,3.356,0.0266
8.628816699,64.16822865,3.439998627,1.824,0.0049
10.85757509,46.37397964,3.669998169,4.571,0.0067
8.530559168,67.64629389,3.88999939,4.454,0.0026
7.739130435,6.673913043,4.329998016,0.396,0.0013
17.33696674,40.69723736,2.714284897,0.602,0.0059
9.74025974,11.62205142,2.142856598,0.073,0.0007
14.82949087,8.261287224,2.109998703,0.674,0.0007
9.788867562,64.20345489,3,0.77,0.0054
10.96221441,70.07908612,2.777776718,3.582,0.0211
14.78250031,7.914745108,2.779998779,0.6,0.0007
15.37175004,9.571233085,2.777776718,1.276,0.0007
16.17250674,21.8328841,1.859999657,0.815,0.0007
9.669211196,79.38931298,3.219999313,1.592,0.0035
11.08424023,69.08504635,2.777776718,3.61,0.0203
13.06030008,49.83485892,3.219999313,3.181,0.003
4.634581105,55.16934046,1.289999962,0.001,0.0113
11.08629442,69.13705584,2.109998703,4.379,0.0226
4.832474227,25.32216495,4.109996796,1.049,0.0046
12.92134831,52.80898876,1,0,0.0007
20.12779553,68.69009585,2.429998398,1.929,0.0007
11.38126179,65.4370153,3.439998627,2.154,0.0026
7.720144753,59.41440947,2.109998703,3.447,0.0001
12.96628637,23.26624792,3.669998169,1.593,0.0102
10.40285569,71.39214686,3.219999313,2.92,0.0161
13.78947368,56.10526316,4.109996796,1.705,0.0007
9.632571996,24.18073486,3,1.622,0.0045
14.63032581,49.46741855,2.559999466,2.719,0.0013
10.12658228,28.10126582,3.569999695,0.251,0.0062
8.853575482,91.14642452,3.439998627,3.895,0.0198
8.273534774,70.55583569,2.779998779,4.954,0.0202
14.37213183,51.80433876,4.559997559,3.207,0.0027
8.101265823,91.89873418,2.329999924,2.015,0.0272
5.464071856,25.89820359,2.779998779,1.051,0.0046
11.5621602,66.8901776,3.289999008,2.628,0.017
13.93114492,56.79210035,4.109996796,2.312,0.0615
10.48181238,28.1110402,4.13999939,0.376,0.0007
4.033832141,73.45478204,3.219999313,1.601,0.0346
7.628494139,40.50495942,2.333332062,1.485,0.0035
8.700361011,89.16967509,1.289999962,0.001,0.0041
17.41911211,8.126410835,2.709999084,0.406,0.004
17.33605878,56.7040495,3.669998169,1.291,0.0024
8.494823467,75.40483143,2.779998779,6.394,0.0058
12.08506224,44.76141079,3,1.864,0.0052
18.42696629,41.34831461,3.289999008,1.044,0.0025
8.914728682,10.07751938,3,0.025,0.0007
12.30769231,37.69230769,2.13999939,0.494,0.0023
16.78607984,40.53224156,2.714284897,1.847,0.0139
11.76470588,50.92097445,2.559999466,1.724,0.0035
14.52623336,25.60689115,2.429998398,0.022,0.0046
11.76470588,80.7486631,3.669998169,6.462,0.0029
10.58610315,82.73317382,2.329999924,6.894,0.0007
9.395546129,67.10498409,4.329998016,1.903,0.0047
9.663879768,47.68980808,3.569999695,0.548,0.0129
13.32725378,37.97550808,3.669998169,2.045,0.0193
14.5345416,7.073084618,1.569999695,0.173,0.0042
11.82152791,26.63425743,3.569999695,0.246,0.0146
10.63524001,54.8146019,2.429998398,0.345,0.0044
20.51282051,76.28205128,1.859999657,0.867,0.0007
13.31089351,26.74418605,2.142856598,0.41,0.0049
15.51511413,63.91116595,3.669998169,4.921,0.0007
25.19480519,62.5974026,1,0.979,0.0147
12.04099832,28.17449119,3.569999695,0.32,0.0082
14.49530638,6.759641088,4.109996796,0.455,0.0082
21.63568773,62.08178439,3.219999313,2.209,0.0007
11.08678997,45.97789209,3.219999313,1.87,0.0033
11.88405797,78.55072464,1.43999958,0.147,0.0007
17.78855118,57.47715831,4.109996796,4.03,0.0288
13.59223301,83.49514563,2.329999924,0.177,0.0076
10.1010101,5.555555556,2.329999924,2.266,0.0007
23.56495468,51.96374622,3.669998169,0.838,0.0135
16,77.53846154,1.88999939,3.101,0.0194
16.35416667,44.93055556,2.428569794,0.86,0.0043
27.73506801,24.89651094,2.329999924,1.039,0.0019
20.21428571,13.07142857,3.88999939,1.429,0.0035
13.62528437,7.409814755,4.13999939,0.33,0.0007
13.94176226,69.27181814,2.555555344,4.402,0.0309
15.88581634,7.151826325,4.329998016,0.462,0.0007
28.43373494,21.56626506,1.857142448,0.379,0.0035
25.62915553,51.30802212,4.329998016,2.394,0.0036
19.16188191,8.155511755,2.111110687,0.798,0.0007
14.71049629,73.80205362,3.439998627,4.238,0.0043
15.11546536,65.31373921,3.444442749,3.449,0.0007
13.39352897,58.16403311,4.329998016,2.606,0.0012
14.94547787,31.09364978,2.429998398,0.127,0.0007
11.0432422,31.25848361,3,0.884,0.0007
20.33224478,60.556581,2.779998779,2.069,0.0036
13.24275659,7.857259781,4.329998016,0.163,0.0005
22.79411765,6.862745098,1.569999695,0.179,0.0007
20.48822058,8.310196003,2.109998703,0.715,0.0069
15.10804856,56.39619369,2.333332062,2.121,0.0353
18.47066667,33.72266667,3.439998627,1.672,0.0007
15.74246371,19.35243766,1.88999939,1.189,0.0003
15.32066508,2.96912114,3.569999695,0.112,0.0007
20.89187699,8.046852431,2.329999924,0.496,0.0007
27.680798,16.83291771,1.285714149,0.014,0.0085
21.19487909,24.7955192,4.42999649,0.904,0.0018
18.21631879,13.82036686,2.777776718,1.175,0.0062
13.77405024,25.41612601,4.709999084,0.356,0.0007
20.30757098,28.70662461,3.222221375,1.892,0.0089
24.6418792,44.50881441,2.333332062,1.727,0.0032
18.6746988,14.22356091,2.777776718,1.177,0.0055
18.15455187,32.39825923,2.109998703,1.803,0.0151
12.15043394,73.7704918,3,4.931,0.0007
39.95098039,26.59313725,4.559997559,2.848,0.0092
17.6489533,45.82286634,4.109996796,2.694,0.0123
16.59727086,47.7670117,2.777776718,2.498,0.0007
16.42023346,28.17120623,3.219999313,2.431,0.0007
16.62758438,68.45729573,2.329999924,3.735,0.0015
16.62482244,68.46321562,2.329999924,4.048,0.0007
31.92686357,27.77777778,1.859999657,1.002,0.0007
19.33959168,21.43044706,2.429998398,0.523,0.0053
16.91642334,18.81549226,3.289999008,0.115,0.0007
17.10920622,69.73830929,2.329999924,2.972,0.0007
17.26856963,38.10650265,2.111110687,0.029,0.0007
19.09732017,70.10813352,1.222221375,4.239,0.0081
28.17310485,17.71710717,4.13999939,0.885,0.013
17.41240187,18.26417572,3.859998703,0.137,0
21.84880788,6.8776955,4.111110687,1.208,0.0007
18.64599092,60.28744327,3.439998627,0.333,0.0007
21.97874295,32.16113371,2.429998398,0.871,0.0073
22.0685112,32.12121212,2.709999084,0.879,0.0057
30.54592721,43.05134315,3,1.753,0.0023
30.34115139,43.10589908,2.109998703,0.533,0.0088
18.96974652,5.478331971,2.13999939,0.277,0.0007
21.19453423,17.65354099,2.429998398,0.217,0.0052
26.08494617,24.1231257,4.13999939,0.926,0.0026
19.80726209,67.86267424,2.109998703,4.048,0.0008
30.80763777,38.73343974,2.559999466,0.497,0.0007
18.45640343,46.21417649,2.109998703,0.829,0.0007
30.75027382,41.91538883,2.109998703,0.587,0.0066
33.77389662,38.20706475,2.329999924,1.659,0.003
22.84880327,76.21716287,1.669999123,5.737,0.0086
43.130227,30.34647551,3.666666031,2.629,0.006
33.89321424,38.30375845,2.559999466,1.636,0.0007
23.056685,75.98660608,1.669999123,5.712,0.0101
17.32728414,18.866587,3.569999695,0.082,0
31.07876712,13.18493151,1.859999657,0.335,0.0007
21.37816521,14.32129514,3,0.518,0
23.54124748,28.16901408,1.859999657,0.883,0.0013
17.33615222,37.92811839,3.444442749,0.053,0.0038
24.42333786,8.350807944,2.559999466,2.876,0.0447
22.85352238,72.38261584,1.669999123,7.948,0.004
23.38452968,18.59382461,3.859998703,0.306,0.0046
20.26979678,41.43307638,3.88999939,2.296,0.0231
19.67670011,55.18394649,4.329998016,3.096,0.0041
19.90794016,36.01841197,2.709999084,0.449,0.0211
37.40518962,7.385229541,2.13999939,1.372,0.0007
44.68503937,5.905511811,1.88999939,1.552,0.0007
37.76351971,32.9055912,1.88999939,0.412,0.0007
22.80762107,40.97683915,1.669999123,1.144,0.0032
24.69346049,44.70367847,2.109998703,0.969,0.0035
39.33823529,51.10294118,2.779998779,2.181,0.0047
20.375,71.5,1.669999123,0.237,0.009
19.46202532,23.53639241,1,0.004,0.0007
36.74033998,34.63004519,2.777776718,1.508,0.003
37.5925645,32.67509687,2.333332062,1.525,0.0035
26.63503897,15.45238902,3.219999313,0.702,0.0007
30.58631922,5.993485342,2.429998398,0.268,0.0007
30.06644518,52.65780731,3,3.379,0.0193
28.77673979,41.58554008,1.569999695,1.659,0.0136
28.55493355,44.58282568,1.859999657,1.742,0.0967
25.32366649,10.69394096,1.857142448,0.093,0.0007
38.36639255,39.18647208,2.779998779,1.352,0
31.27648703,21.05136605,1.289999962,0.022,0.0025
36.93181818,19.31818182,3,0.878,0.0011
26.398483,9.928213463,2.429998398,0.009,0.0025
44.58926948,9.154289179,2.555555344,1.42,0.0007
41.52281134,47.5647349,3.439998627,3.483,0.0054
49.12727273,7.454545455,3,2.091,0.0007
26.03488466,27.968009,2.555555344,2.501,0.0007
26.49519678,47.7843198,2.559999466,3.064,0.0134
25.14985666,23.61219703,3.88999939,0.652,0.0047
44.95990836,18.72852234,1.859999657,0.24,0.0068
25.85096596,15.02606562,1.569999695,0.118,0.0007
35.01193902,35.46041756,2.111110687,1.716,0.0007
29.66274711,44.11603605,2.559999466,2.297,0.0027
26.65289256,35.74380165,3.444442749,0.546,0.003
44.82655502,22.81698565,3.219999313,1.465,0.0164
43.33986787,27.71249533,2.555555344,1.467,0.0007
25.37067545,10.13179572,3,0.325,0.0026
47.21311475,18.68852459,3,2.747,0.001
23.07067425,64.7034931,3.439998627,5.793,0.0025
47.95491143,15.9742351,1.88999939,0.619,0.0037
42.88209607,47.86026201,4.109996796,2.533,0
44.46735395,40.6185567,2.559999466,0.776,0.0007
31.42339075,37.0444243,3.444442749,1.194,0.0034
63.67795059,14.08966148,2.13999939,0.31,0.0089
30.97094259,55.82476967,1.88999939,4.367,0.0437
39.8006135,22.53323108,3.857141495,1.378,0.0007
36.22409823,44.51266309,2.709999084,0.383,0.0056
40.42788581,34.43966592,1.43999958,1.437,0.0007
45.72454759,17.04655339,1.569999695,0.45,0.0446
62.47370635,7.320151451,1.666666031,2.551,0.0053
51.11731844,19.13407821,3.222221375,1.524,0.0007
28.54030501,10.13071895,2.555555344,0.337,0.0007
45.87525151,41.95171026,2.429998398,0.516,0.0059
37.84665579,9.461663948,1.569999695,0.034,0.0034
58.65724382,7.243816254,2.329999924,0.419,0.0007
42.2422568,36.14221317,1.289999962,0.807,0
38.50574713,41.37931034,1.569999695,0.014,0.0248
30.8934338,21.63616792,2.333332062,0.868,0.0029
50.60936498,14.33611289,1.859999657,0.346,0.0432
49.31029476,30.95687527,2.559999466,1.507,0
43.93236335,37.56979945,1.859999657,0.863,0.0002
39.25992013,13.83719942,4.13999939,0.259,0.0037
46.32844229,17.45054369,2.429998398,0.471,0.0023
52.56707398,20.25465423,2.777776718,1.285,0.0007
43.95213454,24.80595084,2.559999466,1.942,0.0007
72.08966016,5.543504459,1.88999939,2.187,0.0007
51.52070355,12.60534995,2.714284897,0.648,0.0042
54.74006116,11.28950051,1.569999695,0.936,0.0007
36.99772555,13.79833207,2.13999939,0.119,0.0007
16.9017858,44.09576772,1.888888359,1.433,0.0033
54.32002088,8.379013312,1.888888359,2.758,0.0023
26.17449664,61.61073826,2.779998779,2.512,0.0027
77.93650794,5.026455026,1.43999958,4.153,0.0091
41.67049949,13.58660657,4.42999649,0.271,0.0025
42.23569453,35.54740126,3.669998169,1.553,0.0007
36.76099748,43.34547492,1.857142448,0.179,0.0007
45.22085076,20.67734367,2.109998703,1.526,0.0007
42.643342,35.3480647,2.109998703,1.556,0.0007
58.73159968,12.48009832,1.222221375,1.509,0.0007
42.67390055,27.89415062,3.444442749,1.492,0.0007
48.6248516,19.48951326,1.669999123,1.75,0.0012
50.12808197,23.43900096,3.439998627,1.234,0.0096
43.35586834,35.09364956,3,1.278,0.0038
46.57611771,46.01018676,3.669998169,1.477,0.0047
45.47299011,30.44636064,2.111110687,1.823,0.0043
49.2199688,13.68954758,1.859999657,1.98,0.0174
55.7637883,21.3086351,2.111110687,0.748,0.0079
51.00593984,14.08315769,1.289999962,0.319,0.0525
57.65531833,21.15470924,2.779998779,1.375,0.0007
37.57625051,46.44164294,2.555555344,2.788,0.0007
50.75417856,13.90134529,2.429998398,2.172,0.0218
70.84019769,13.61889072,2.559999466,0.878,0.0046
51.4084507,13.91880696,2.13999939,1.502,0.0219
32.41053342,12.82916948,1.569999695,0.192,0.0061
59.31080186,7.355864811,1.569999695,0.746,0.0007
51.34019302,22.54759042,2.329999924,0.83,0
41.87279152,24.48763251,2.13999939,0,0.0007
65.14063176,8.391749603,1.444443703,2.235,0.0021
65.39219094,8.388367512,1.888888359,2.242,0.0018
42.26509468,24.75884244,2.13999939,0,0.0007
51.2987013,36.36363636,3.219999313,8.587,0.0045
62.26218787,21.44768133,2.111110687,2.413,0.0045
53.81888735,12.78310511,3,0.319,0.0014
70.57387057,3.663003663,1.285714149,0.275,0.0007
64.32748538,34.21052632,1.43999958,1.518,0.0188
51.26449788,16.33380481,2.333332062,0.953,0.0007
60.52962469,20.35816346,1.888888359,1.567,0.0007
56.05144894,9.483960948,2.709999084,0.958,0.0007
78.61342479,8.794708476,1,3.078,0.0223
59.3327242,17.96789767,1.289999962,0.947,0
58.12672176,34.9862259,1.859999657,0.226,0.0139
48.10201661,26.047845,2.329999924,1.419,0.0289
61.12988894,19.21776919,2.111110687,0.641,0.0148
57.08193042,18.49607183,2.329999924,1.321,0.002
59.94691591,17.64812066,1.569999695,0.971,0
58.0994112,13.48076133,2.429998398,1.254,0.0045
66.36059302,10.36824486,2.111110687,1.272,0.0023
55.88480702,13.69108637,1,0.773,0
76.54676259,5.011990408,2.333332062,1.59,0.0007
57.46701847,13.50923483,2.13999939,2.339,0.0163
81.97463768,5.827294686,2.429998398,0.945,0.0007
54.39962255,36.54163718,1.43999958,5.194,0.0054
61.26947243,15.300842,1.888888359,1.785,0.003
52.24668726,24.05101126,3,0.345,0.0025
49.11715427,15.89551918,1.88999939,0.688,0
48.71497585,25.99033816,3.669998169,0.265,0.0005
51.87165775,15.45454545,1.289999962,0.072,0.0046
63.05378219,14.52960045,1.888888359,1.703,0.003
67.79746835,27.34177215,1.43999958,4.676,0.0013
58.69502565,8.035045248,2.709999084,0.278,0.0074
78.95310796,3.053435115,2.559999466,0.377,0.0001
77.01395813,5.119641077,1.666666031,2.479,0.0052
56.21761658,12.8935831,2.142856598,1.011,0.0007
68.38390967,26.53493296,1.88999939,5.81,0.0007
74.03166049,6.837318963,2.559999466,1.939,0.0024
70.10698553,24.98426683,1.669999123,5.591,0.0007
53.29579331,5.962239152,1.857142448,0.593,0.0007
72.13220998,22.81270253,1.88999939,5.304,0.0007
59.81410607,6.232914161,1.859999657,0.333,0.0037
66.608963,9.261439176,1.857142448,1.061,0.0033
54.49609773,1.979414093,2.142856598,0.218,0.0026
65.59638703,10.20168275,1.888888359,1.421,0.0022
58.66935484,28.72983871,3,2.707,0.0007
77.96610169,0.456323338,1.88999939,1.164,0.004
63.7388724,9.376854599,1.669999123,3.765,0.0007
83.30356734,3.947428676,1.888888359,1.328,0.0007
62.29401335,10.93554443,1.859999657,0.413,0.0013
82.86988458,2.675760756,2.109998703,1.354,0.0034
84.37868427,3.088894129,1.859999657,0.688,0.0007
85.82214364,3.798920055,1.222221375,1.189,0.0031
81.42307692,4.051282051,2.329999924,1.367,0.0024
81.58953722,3.679218166,1.669999123,1.51,0.008
98.46335697,1.063829787,1.669999123,1.553,0.0056
76.08670453,8.264750203,2.329999924,0.337,0.0007
77.43413517,2.443680794,1,0.662,0.0011
57.8358209,7.587064677,2.109998703,0.32,0.0013
76.88286706,4.436917158,1.859999657,0.769,0.0007
87.58278146,3.80794702,1.88999939,1.537,0.002
77.65306122,2.721088435,1.289999962,0.524,0
82.52299606,3.17564608,2.109998703,2.028,0.0049
77.37480922,2.819972382,1.569999695,0.791,0.0007
80.79470199,1.821192053,1.289999962,0.095,0.0038
65.92465753,12.67123288,2.13999939,0,0.0067
72.5128494,8.054636344,2.429998398,1.254,0.0007
88.88529289,1.80313468,2.329999924,1.04,0.0007
79.51807229,3.614457831,1.571428299,0.455,0.005
87.97736917,2.772277228,2.13999939,0.905,0.0007
88.05872757,2.77324633,2.709999084,1.124,0.0007
77.18332022,5.452399685,1.571428299,1.284,0.0007
77.47321206,7.164216297,1,0.51,0.0314
87.78081797,2.440956221,1.569999695,0.852,0.0007
91.05058366,0.778210117,1,1.626,0.009
91.92094313,2.115117892,1.859999657,1.474,0.0007
94.10242684,2.560670949,1.569999695,1.003,0.0007
80.16656385,6.025087395,3,1.417,0.0066
78.15405046,2.689243028,1.859999657,0.409,0.0104
74.72979928,13.22696861,1.571428299,0.521,0.0056
71.93808883,8.389412293,1.888888359,1.697,0.0035
74.67248908,13.75545852,1.571428299,0.622,0.0061
83.74364986,2.246971473,1.569999695,0.746,0.0011
80.48261178,3.761533002,2.559999466,1.326,0.0001
78.98324022,7.497206704,1.285714149,1.005,0.0007
83.27039275,8.836858006,2.109998703,3.433,0.0046
80.11074043,4.19794273,1.571428299,0.598,0.0007
95.03546099,1.241134752,1.669999123,1.725,0.0131
96.67673716,2.114803625,1.569999695,1.755,0.0007
65.53113553,20.07326007,1.289999962,0.157,0.012
25.23148148,20.83333333,1.857142448,0.011,0.0007
60.61302682,4.367816092,1.857142448,0.682,0.0023
36.85368537,44.88448845,1,0.101,0.0095
14.33207139,85.66792861,1.444443703,2.312,0.0031
91.113381,1.327885598,3.569999695,0.981,0.0048
0,80.86419753,1.571428299,2.457,0.0007
2.874049028,38.54606932,1.571428299,0.727,0.0007
38.23529412,11.02941176,1.571428299,1.009,0.0007
8.035714286,77.97619048,1.88999939,0.477,0.0905
21.27541075,13.422445,1.289999962,0.001,0.0024
8.146067416,14.3258427,2.709999084,0.001,0.0007
14.27783903,17.14443219,3,0.09,0.0007
28.71794872,39.74358974,3.219999313,1.196,0.0032
22.61768083,23.42135476,2.111110687,0.927,0.0024
13.54330709,17.63779528,2.333332062,0.753,0.0007
82.0754717,5.660377358,1.222221375,0.399,0.0007
2.577046634,20.53870865,1,0.102,0.0007
2.527899597,20.21963133,2.709999084,1.636,0.0331
10.22364217,26.46432375,2.777776718,1.11,0.0007
52.46568378,33.09608541,1.43999958,4.038,0.006
0,14.42533229,3.289999008,0.164,0.0065
9.76744186,0,3.439998627,0.095,0.001
15.13157895,6.743421053,3.669998169,0.348,0.0006
6.535947712,16.20915033,3.222221375,0.948,0.0045
47.1641791,26.76616915,2.777776718,0.389,0.0007
15.26176178,68.17227278,2.555555344,3.608,0.0043
84.17977528,2.876404494,1.43999958,1.635,0.0128
1.634472511,28.67756315,4.109996796,0.604,0.0028
0.074294205,76.37444279,1.859999657,0.085,0.0673
1.516827303,66.91420446,4.109996796,3.138,0.0049
50,5.882352941,1.669999123,0.494,0.0013
2.43902439,83.84146341,3,3.353,0.0007
57.57855823,23.64140481,2.329999924,1.182,0.0038
50.77081192,26.61870504,2.111110687,0.886,0.0048
58.95492621,15.79577184,2.333332062,1.46,0.0007
0,24.28884026,3.289999008,0.101,0.0007
0.954805856,96.69000637,2.429998398,4.772,0.0086
0.613496933,79.26380368,2.111110687,1.653,0.0044
1.044529962,65.22814733,1.888888359,4.602,0.0196
2.697180221,18.83939518,3.289999008,0,0.0007
4.743083004,16.12648221,3.859998703,0,0.0034
0.085034014,6.972789116,3.569999695,0.026,0.0011
2.688248211,20.35489127,3.569999695,0.164,0
2.490873953,20.5318159,4.709999084,0.236,0.0007
0,82.59259259,1.569999695,2.157,0.006
0.785714286,74.42857143,1.569999695,12.143,0.0007
0,40.49360146,1.859999657,0.123,0.0007
21.48760331,74.50929752,2.111110687,4.799,0.0051
0.131184408,64.80509745,2.777776718,0.691,0.0113
0,68.42105263,1.289999962,1.492,0.0082
15.32258065,41.12903226,2.779998779,3.677,0.0034
1.212121212,22.12121212,1.571428299,0.072,0.0007
22.13506139,37.82401091,2.142856598,0.731,0.0133
3.615384615,30.46153846,3.285713196,0.902,0.0123
3.960119269,57.63138278,2.709999084,1.052,0.0078
73.38403042,7.984790875,2.333332062,0.894,0.0007
49.0800368,16.37534499,1.285714149,0.769,0.0007
4.239766082,34.42982456,1.857142448,0.284,0.0007
19.78131213,28.72763419,2.709999084,0.473,0.0083
49.40987124,10.89055794,1.569999695,0.435,0.0134
9.174664107,11.59309021,2.429998398,0.258,0.0028
0.36589828,97.96926454,1.666666031,10.076,0.0076
1.986754967,81.45695364,2.777776718,0.723,0.0055
0,43.1646306,3.222221375,2.01,0.0081
13.99708773,68.43829632,2.333332062,3.889,0.023
2.918781726,50.31725888,4.42999649,1.547,0.0007
0.713557594,27.01325178,2.13999939,0.001,0.0027
73.62637363,1.236263736,1.569999695,1.017,0.0011
21.88868043,21.13821138,2.709999084,0.296,0.0037
4.24403183,19.36339523,3,0.508,0.0007
1.812366738,3.731343284,1.569999695,0.001,0.0007
0.664841611,27.80602268,3,0.01,0.0138
13.42857143,2,3,0.001,0.0013
4.605263158,16.1377709,3.669998169,0.777,0.0045
15.18324607,0,2.559999466,0,0
10.76923077,0,1.43999958,0.209,0.0007
1.78807947,43.64238411,1.289999962,0.61,0.0095
1.041666667,92.97542735,1.571428299,1.207,0.0076
0.129701686,82.81452659,1.571428299,1.944,0.0007
0.124360923,63.72806411,3.285713196,6.747,0.0042
0,5.795053004,2.709999084,0.098,0.0007
32.65306122,54.08163265,1.571428299,0.041,0.0046
0.044762757,59.40017905,1,0.263,0.0006
15.53030303,48.88468013,1.289999962,0.931,0.0324
0.828937453,18.23662396,3,0.13,0.0269
64.9122807,13.36429309,2.555555344,1.467,0.0007
27.93860858,56.20806911,2.555555344,4.475,0.0007
61.50627615,4.916317992,2.13999939,0.279,0.0032
27.72259182,55.91907409,3.222221375,4.489,0.0007
72.80830419,11.32799278,2.111110687,1.43,0.0035
0,66.92677071,3,3.737,0.0026
0.465116279,0,1.669999123,0.06,0.0007
